url,title,locality,type,deal,kind,proposed_action,reason,review_note,price,area,beds,photos,locality_slug,slug
https://cityprop.co.in/property/one-49-ambli/,"3 & 4 BHK + Penthouse Flats for Sale · One 49, Ambli",Ambli,apartment,sale,project,keep,tagged New project,project outside Shantigram (Ambli and similar),Price on request,,3,1,ambli,one-49-ambli
https://cityprop.co.in/property/aaryan-opulence-ambli/,"3 & 4 BHK Flats for Sale · Aaryan Opulence, Ambli",Ambli,apartment,sale,project,keep,tagged New project,project outside Shantigram (Ambli and similar),Price on request,,3,2,ambli,aaryan-opulence-ambli
https://cityprop.co.in/property/jaldeep-vertex-ambli/,"3 & 4 BHK Flats for Sale · Jaldeep Vertex, Ambli",Ambli,apartment,sale,project,keep,tagged New project,project outside Shantigram (Ambli and similar),Price on request,,3,2,ambli,jaldeep-vertex-ambli
https://cityprop.co.in/property/surya-emerald-ambli/,"3 & 4 BHK Flats for Sale · Surya Emerald, Ambli",Ambli,apartment,sale,project,keep,tagged New project,project outside Shantigram (Ambli and similar),Price on request,,3,2,ambli,surya-emerald-ambli
https://cityprop.co.in/property/belvista-apartments-ambli/,"3 BHK Flats for Sale · Belvista Apartments, Ambli",Ambli,apartment,sale,project,keep,tagged New project,project outside Shantigram (Ambli and similar),Price on request,,3,4,ambli,belvista-apartments-ambli
https://cityprop.co.in/property/splendora-1-ambli/,"3 BHK Flats for Sale · Splendora 1, Ambli",Ambli,apartment,sale,project,keep,tagged New project,project outside Shantigram (Ambli and similar),Around ₹2.15 Cr,,3,2,ambli,splendora-1-ambli
https://cityprop.co.in/property/sukrut-repose-ambli/,"3 BHK Flats for Sale · Sukrut Repose, Ambli",Ambli,apartment,sale,project,keep,tagged New project,project outside Shantigram (Ambli and similar),Price on request,,3,2,ambli,sukrut-repose-ambli
https://cityprop.co.in/property/iscon-vogue-ambli/,"4 & 5 BHK + Penthouse Flats for Sale · ISCON Vogue, Ambli",Ambli,apartment,sale,project,keep,tagged New project,project outside Shantigram (Ambli and similar),₹4.8 to 5.5 Cr,,4,2,ambli,iscon-vogue-ambli
https://cityprop.co.in/property/satyamev-luxor-ambli/,"4 & 5 BHK + Penthouse Flats for Sale · Satyamev Luxor, Ambli",Ambli,apartment,sale,project,keep,tagged New project,project outside Shantigram (Ambli and similar),₹2.8 to 2.9 Cr,,4,2,ambli,satyamev-luxor-ambli
https://cityprop.co.in/property/sun-the-kimana-towers-ambli/,"4 & 5 BHK + Penthouse Flats for Sale · Sun The Kimana Towers, Ambli",Ambli,apartment,sale,project,keep,tagged New project,project outside Shantigram (Ambli and similar),₹5.7 to 7.7 Cr,,4,2,ambli,sun-the-kimana-towers-ambli
https://cityprop.co.in/property/westland-by-good-value-ambli/,"4 & 5 BHK + Penthouse Flats for Sale · Westland by Good Value, Ambli",Ambli,apartment,sale,project,keep,tagged New project,project outside Shantigram (Ambli and similar),₹10.6 to 12.2 Cr,,4,2,ambli,westland-by-good-value-ambli
https://cityprop.co.in/property/maruti-360-ambli/,"4 & 5 BHK Duplex + Penthouse Flats for Sale · Maruti 360, Ambli",Ambli,apartment,sale,project,keep,tagged New project,project outside Shantigram (Ambli and similar),₹6 to 8.1 Cr,,4,2,ambli,maruti-360-ambli
https://cityprop.co.in/property/lilamani-la-marque-ambli/,"4 & 5 BHK Duplex Flats for Sale · Lilamani La Marque, Ambli",Ambli,apartment,sale,project,keep,tagged New project,project outside Shantigram (Ambli and similar),Price on request,,4,2,ambli,lilamani-la-marque-ambli
https://cityprop.co.in/property/rajyash-richmond-2-ambli/,"4 & 5 BHK Duplex Flats for Sale · Rajyash Richmond 2, Ambli",Ambli,apartment,sale,project,keep,tagged New project,project outside Shantigram (Ambli and similar),₹4.5 to 5.1 Cr,,4,2,ambli,rajyash-richmond-2-ambli
https://cityprop.co.in/property/jp-vaikunth-ambli/,"4 & 5 BHK Flats for Sale · JP Vaikunth, Ambli",Ambli,apartment,sale,project,keep,tagged New project,project outside Shantigram (Ambli and similar),₹14.3 to 15 Cr,,4,2,ambli,jp-vaikunth-ambli
https://cityprop.co.in/property/madhav-oeuvre-3-ambli/,"4 & 5 BHK Flats for Sale · Madhav Oeuvre 3, Ambli",Ambli,apartment,sale,project,keep,tagged New project,project outside Shantigram (Ambli and similar),₹4.4 to 5.6 Cr,,4,2,ambli,madhav-oeuvre-3-ambli
https://cityprop.co.in/property/parshwa-luxuria-ambli/,"4 & 5 BHK Flats for Sale · Parshwa Luxuria, Ambli",Ambli,apartment,sale,project,keep,tagged New project,project outside Shantigram (Ambli and similar),Price on request,,4,2,ambli,parshwa-luxuria-ambli
https://cityprop.co.in/property/ratnaakar-eternity-ambli/,"4 & 5 BHK Flats for Sale · Ratnaakar Eternity, Ambli",Ambli,apartment,sale,project,keep,tagged New project,project outside Shantigram (Ambli and similar),₹6.7 to 8.9 Cr,,4,2,ambli,ratnaakar-eternity-ambli
https://cityprop.co.in/property/ratnaakar-ambli/,"4 & 5 BHK Flats for Sale · Ratnaakar, Ambli",Ambli,apartment,sale,project,keep,tagged New project,project outside Shantigram (Ambli and similar),₹5.6 to 7.3 Cr,,4,2,ambli,ratnaakar-ambli
https://cityprop.co.in/property/ratnakar-artesia-ambli/,"4 & 5 BHK Flats for Sale · Ratnakar Artesia, Ambli",Ambli,apartment,sale,project,keep,tagged New project,project outside Shantigram (Ambli and similar),Price on request,,4,2,ambli,ratnakar-artesia-ambli
https://cityprop.co.in/property/the-bellagio-ambli/,"4 & 5 BHK Flats for Sale · The Bellagio, Ambli",Ambli,apartment,sale,project,keep,tagged New project,project outside Shantigram (Ambli and similar),₹5.7 to 8.2 Cr,,4,2,ambli,the-bellagio-ambli
https://cityprop.co.in/property/binori-belmont-ambli/,"4 & 6 BHK + Penthouse Flats for Sale · Binori Belmont, Ambli",Ambli,apartment,sale,project,keep,tagged New project,project outside Shantigram (Ambli and similar),₹5.8 to 9.3 Cr,,4,2,ambli,binori-belmont-ambli
https://cityprop.co.in/property/north-one-true-value-ambli/,"4 & 6 BHK + Penthouse Flats for Sale · North One True Value, Ambli",Ambli,apartment,sale,project,keep,tagged New project,project outside Shantigram (Ambli and similar),Price on request,,4,2,ambli,north-one-true-value-ambli
https://cityprop.co.in/property/aayam-by-aaryan-aristo-ambli/,"4 BHK Duplex Flats for Sale · Aayam by Aaryan Aristo, Ambli",Ambli,apartment,sale,project,keep,tagged New project,project outside Shantigram (Ambli and similar),₹5.1 to 6.8 Cr,,4,2,ambli,aayam-by-aaryan-aristo-ambli
https://cityprop.co.in/property/ayaan-by-parshwa-ambli/,"4 BHK Flats for Sale · AYAAN by Parshwa, Ambli",Ambli,apartment,sale,project,keep,tagged New project,project outside Shantigram (Ambli and similar),Price on request,,4,3,ambli,ayaan-by-parshwa-ambli
https://cityprop.co.in/property/akshar-ocean-pearl-ambli/,"4 BHK Flats for Sale · Akshar Ocean Pearl, Ambli",Ambli,apartment,sale,project,keep,tagged New project,project outside Shantigram (Ambli and similar),₹2.1 to 2.6 Cr,,4,2,ambli,akshar-ocean-pearl-ambli
https://cityprop.co.in/property/altius-2-ambli/,"4 BHK Flats for Sale · Altius 2, Ambli",Ambli,apartment,sale,project,keep,tagged New project,project outside Shantigram (Ambli and similar),Price on request,,4,4,ambli,altius-2-ambli
https://cityprop.co.in/property/altius-vibe-by-synthesis-ambli/,"4 BHK Flats for Sale · Altius Vibe by Synthesis, Ambli",Ambli,apartment,sale,project,keep,tagged New project,project outside Shantigram (Ambli and similar),Price on request,,4,2,ambli,altius-vibe-by-synthesis-ambli
https://cityprop.co.in/property/altius-viitor-by-synthesis-ambli/,"4 BHK Flats for Sale · Altius Viitor by Synthesis, Ambli",Ambli,apartment,sale,project,keep,tagged New project,project outside Shantigram (Ambli and similar),Price on request,,4,5,ambli,altius-viitor-by-synthesis-ambli
https://cityprop.co.in/property/armaan-the-waterfall-ambli/,"4 BHK Flats for Sale · Armaan The Waterfall, Ambli",Ambli,apartment,sale,project,keep,tagged New project,project outside Shantigram (Ambli and similar),Price on request,,4,0,ambli,armaan-the-waterfall-ambli
https://cityprop.co.in/property/maruti-aatman-ambli/,"4 BHK Flats for Sale · Maruti Aatman, Ambli",Ambli,apartment,sale,project,keep,tagged New project,project outside Shantigram (Ambli and similar),₹4.5 to 4.7 Cr,,4,2,ambli,maruti-aatman-ambli
https://cityprop.co.in/property/oriental-viola-ambli/,"4 BHK Flats for Sale · Oriental Viola, Ambli",Ambli,apartment,sale,project,keep,tagged New project,project outside Shantigram (Ambli and similar),₹4.9 to 5 Cr,,4,2,ambli,oriental-viola-ambli
https://cityprop.co.in/property/rajyash-richmond-3-ambli/,"4 BHK Flats for Sale · Rajyash Richmond 3, Ambli",Ambli,apartment,sale,project,keep,tagged New project,project outside Shantigram (Ambli and similar),₹2.8 to 3.1 Cr,,4,2,ambli,rajyash-richmond-3-ambli
https://cityprop.co.in/property/saiyamm-apricus-ambli/,"4 BHK Flats for Sale · Saiyamm Apricus, Ambli",Ambli,apartment,sale,project,keep,tagged New project,project outside Shantigram (Ambli and similar),₹4.4 to 4.5 Cr,,4,2,ambli,saiyamm-apricus-ambli
https://cityprop.co.in/property/sanctum-ambli/,"4 BHK Flats for Sale · Sanctum, Ambli",Ambli,apartment,sale,project,keep,tagged New project,project outside Shantigram (Ambli and similar),₹2.3 to 2.7 Cr,,4,2,ambli,sanctum-ambli
https://cityprop.co.in/property/sankalp-grace-ii-ambli/,"4 BHK Flats for Sale · Sankalp Grace II, Ambli",Ambli,apartment,sale,project,keep,tagged New project,project outside Shantigram (Ambli and similar),Price on request,,4,2,ambli,sankalp-grace-ii-ambli
https://cityprop.co.in/property/seventy-ambli/,"4 BHK Flats for Sale · Seventy, Ambli",Ambli,apartment,sale,project,keep,tagged New project,project outside Shantigram (Ambli and similar),Price on request,,4,2,ambli,seventy-ambli
https://cityprop.co.in/property/shaligram-sky-ambli/,"4 BHK Flats for Sale · Shaligram Sky, Ambli",Ambli,apartment,sale,project,keep,tagged New project,project outside Shantigram (Ambli and similar),₹2.4 to 3.2 Cr,,4,0,ambli,shaligram-sky-ambli
https://cityprop.co.in/property/swati-new-project-ambli/,"4 BHK Flats for Sale · Swati new project, Ambli",Ambli,apartment,sale,project,keep,tagged New project,project outside Shantigram (Ambli and similar),₹4.3 to 4.7 Cr,,4,2,ambli,swati-new-project-ambli
https://cityprop.co.in/property/the-emberlynn-ambli/,"4 BHK Flats for Sale · The Emberlynn, Ambli",Ambli,apartment,sale,project,keep,tagged New project,project outside Shantigram (Ambli and similar),₹6.5 to 7.4 Cr,,4,2,ambli,the-emberlynn-ambli
https://cityprop.co.in/property/true-value-upcoming-ambli/,"4 BHK Flats for Sale · True Value upcoming, Ambli",Ambli,apartment,sale,project,keep,tagged New project,project outside Shantigram (Ambli and similar),₹3.5 to 5 Cr,,4,2,ambli,true-value-upcoming-ambli
https://cityprop.co.in/property/whitecraft-ambli/,"4 BHK Flats for Sale · Whitecraft, Ambli",Ambli,apartment,sale,project,keep,tagged New project,project outside Shantigram (Ambli and similar),₹5.2 to 5.4 Cr,,4,2,ambli,whitecraft-ambli
https://cityprop.co.in/property/the-north-by-true-value-ambli/,"4, 5 & 6 BHK + Penthouse Flats for Sale · The North by True Value, Ambli",Ambli,apartment,sale,project,keep,tagged New project,project outside Shantigram (Ambli and similar),Price on request,,4,2,ambli,the-north-by-true-value-ambli
https://cityprop.co.in/property/rajyash-royce-one-ambli/,"5 & 6 BHK Duplex Flats for Sale · Rajyash Royce One, Ambli",Ambli,apartment,sale,project,keep,tagged New project,project outside Shantigram (Ambli and similar),₹8.6 to 19.6 Cr,,5,2,ambli,rajyash-royce-one-ambli
https://cityprop.co.in/property/sheetal-gharana-ambli/,"5 & 6 BHK Flats for Sale · Sheetal Gharana, Ambli",Ambli,apartment,sale,project,keep,tagged New project,project outside Shantigram (Ambli and similar),₹5.7 to 11.4 Cr,,5,2,ambli,sheetal-gharana-ambli
https://cityprop.co.in/property/hn-safal-the-park-ambli/,"5 BHK Flats for Sale · HN Safal The Park, Ambli",Ambli,apartment,sale,project,keep,tagged New project,project outside Shantigram (Ambli and similar),₹7.4 to 7.5 Cr,,5,4,ambli,hn-safal-the-park-ambli
https://cityprop.co.in/property/pv-antares-ambli/,"5 BHK Flats for Sale · PV Antares, Ambli",Ambli,apartment,sale,project,keep,tagged New project,project outside Shantigram (Ambli and similar),Price on request,,5,2,ambli,pv-antares-ambli
https://cityprop.co.in/property/palak-elina-ambli/,"5 BHK Flats for Sale · Palak Elina, Ambli",Ambli,apartment,sale,project,keep,tagged New project,project outside Shantigram (Ambli and similar),Price on request,,5,2,ambli,palak-elina-ambli
https://cityprop.co.in/property/parshwa-chitavan-ambli/,"5 BHK Flats for Sale · Parshwa Chitavan, Ambli",Ambli,apartment,sale,project,keep,tagged New project,project outside Shantigram (Ambli and similar),₹9.9 to 10 Cr,,5,2,ambli,parshwa-chitavan-ambli
https://cityprop.co.in/property/rajyash-richmond-1-ambli/,"5 BHK Flats for Sale · Rajyash Richmond 1, Ambli",Ambli,apartment,sale,project,keep,tagged New project,project outside Shantigram (Ambli and similar),Price on request,,5,2,ambli,rajyash-richmond-1-ambli
https://cityprop.co.in/property/swati-senor-ambli/,"5 BHK Flats for Sale · Swati Senor, Ambli",Ambli,apartment,sale,project,keep,tagged New project,project outside Shantigram (Ambli and similar),Price on request,,5,2,ambli,swati-senor-ambli
https://cityprop.co.in/property/adani-ikaria-shantigram/,"1 & 2 BHK Flats for Sale · Adani Ikaria, Shantigram",Shantigram,apartment,sale,project,keep,tagged New project,,₹86 L to 1.05 Cr,,1,10,shantigram,adani-ikaria-shantigram
https://cityprop.co.in/property/adani-elysium-novus-shantigram/,"2 & 3 BHK Flats for Sale · Adani Elysium Novus, Shantigram",Shantigram,apartment,sale,project,keep,tagged New project,,₹1.23 to 1.61 Cr,,2,5,shantigram,adani-elysium-novus-shantigram
https://cityprop.co.in/property/adani-greenfield-shantigram/,"3 & 4 BHK + Penthouse Flats for Sale · Adani Greenfield, Shantigram",Shantigram,apartment,sale,project,keep,tagged New project,,₹1.83 to 3.73 Cr,,3,7,shantigram,adani-greenfield-shantigram
https://cityprop.co.in/property/adani-paarijat-shantigram/,"3 & 4 BHK Flats for Sale · Adani Paarijat, Shantigram",Shantigram,apartment,sale,project,keep,tagged New project,,From ₹2.42 Cr,,3,9,shantigram,adani-paarijat-shantigram
https://cityprop.co.in/property/adani-amora-shantigram/,"3 BHK Flats for Sale · Adani Amora, Shantigram",Shantigram,apartment,sale,project,keep,tagged New project,,₹1.40 to 2.35 Cr,,3,9,shantigram,adani-amora-shantigram
https://cityprop.co.in/property/adani-embrace-shantigram/,"3 BHK Flats for Sale · Adani Embrace, Shantigram",Shantigram,apartment,sale,project,keep,tagged New project,,₹1.42 to 1.70 Cr,,3,15,shantigram,adani-embrace-shantigram
https://cityprop.co.in/property/adani-storeys-golf-coast-shantigram/,"4 & 5 BHK Flats for Sale · The Storeys Golf Coast, Shantigram",Shantigram,apartment,sale,project,keep,tagged New project,,₹5.62 to 7.02 Cr,,4,13,shantigram,adani-storeys-golf-coast-shantigram
https://cityprop.co.in/property/adani-storeys-infinity-shantigram/,"4 BHK & 5 BHK Penthouse Flats for Sale · The Storeys Infinity, Shantigram",Shantigram,apartment,sale,project,keep,tagged New project,,₹3.26 to 6.82 Cr,,4,10,shantigram,adani-storeys-infinity-shantigram
https://cityprop.co.in/property/adani-ambrosia-shantigram/,"4 BHK Flats for Sale · Adani Ambrosia, Shantigram",Shantigram,apartment,sale,project,keep,tagged New project,,₹2.45 to 2.94 Cr,,4,9,shantigram,adani-ambrosia-shantigram
https://cityprop.co.in/property/adani-skyline-shantigram/,"4 BHK Flats for Sale · Adani Skyline, Shantigram",Shantigram,apartment,sale,project,keep,tagged New project,,₹2.28 to 2.43 Cr,,4,3,shantigram,adani-skyline-shantigram
https://cityprop.co.in/property/adani-belrosa-shantigram/,"4, 5 & 6 BHK Flats for Sale · Adani Belrosa, Shantigram",Shantigram,apartment,sale,project,keep,tagged New project,,₹5.38 to 18.04 Cr,,4,13,shantigram,adani-belrosa-shantigram
https://cityprop.co.in/property/adani-north-park-shantigram/,"4 BHK Villas Villas for Sale · The North Park, Shantigram",Shantigram,bungalow,sale,project,keep,tagged New project,,₹8.40 to 9.30 Cr,,4,11,shantigram,adani-north-park-shantigram
https://cityprop.co.in/property/adani-west-park-shantigram/,"Residential Plots Plots for Sale · The West Park, Shantigram",Shantigram,plot,sale,project,keep,tagged New project,"REVIEW: plot, kept because brief names The West Park as a Shantigram project",From ₹9.25 Cr,,,4,shantigram,adani-west-park-shantigram
https://cityprop.co.in/property/warehouse-aslali-13200-lease/,"Warehouse - Aslali (13,200 sq.ft)",Aslali,warehouse,rent,warehouse,keep,warehouse,,₹18 / sq.ft,"13,200 sq.ft",,4,aslali,warehouse-aslali-13200-lease
https://cityprop.co.in/property/warehouse-aslali-25000-lease/,"Warehouse - Aslali (25,000 sq.ft)",Aslali,warehouse,rent,warehouse,keep,warehouse,,₹18 / sq.ft,"25,000 sq.ft",,4,aslali,warehouse-aslali-25000-lease
https://cityprop.co.in/property/warehouse-aslali-275000-lease/,"Warehouse - Aslali (275,000 sq.ft)",Aslali,warehouse,rent,warehouse,keep,warehouse,,₹22 / sq.ft,"275,000 sq.ft",,4,aslali,warehouse-aslali-275000-lease
https://cityprop.co.in/property/warehouse-aslali-42000-lease/,"Warehouse - Aslali (42,000 sq.ft)",Aslali,warehouse,rent,warehouse,keep,warehouse,,Price on request,"42,000 sq.ft",,4,aslali,warehouse-aslali-42000-lease
https://cityprop.co.in/property/warehouse-aslali-45000-lease/,"Warehouse - Aslali (45,000 sq.ft)",Aslali,warehouse,rent,warehouse,keep,warehouse,,₹21 / sq.ft,"45,000 sq.ft",,4,aslali,warehouse-aslali-45000-lease
https://cityprop.co.in/property/warehouse-aslali-55000-lease/,"Warehouse - Aslali (55,000 sq.ft)",Aslali,warehouse,rent,warehouse,keep,warehouse,,₹20 / sq.ft,"55,000 sq.ft",,4,aslali,warehouse-aslali-55000-lease
https://cityprop.co.in/property/warehouse-aslali-70000-lease/,"Warehouse - Aslali (70,000 sq.ft)",Aslali,warehouse,rent,warehouse,keep,warehouse,,₹21 / sq.ft,"70,000 sq.ft",,4,aslali,warehouse-aslali-70000-lease
https://cityprop.co.in/property/warehouse-aslali-78000-lease/,"Warehouse - Aslali (78,000 sq.ft)",Aslali,warehouse,rent,warehouse,keep,warehouse,,₹22 / sq.ft,"78,000 sq.ft",,4,aslali,warehouse-aslali-78000-lease
https://cityprop.co.in/property/warehouse-aslali-94000-lease/,"Warehouse - Aslali (94,000 sq.ft)",Aslali,warehouse,rent,warehouse,keep,warehouse,,₹22 / sq.ft,"94,000 sq.ft",,4,aslali,warehouse-aslali-94000-lease
https://cityprop.co.in/property/warehouse-bavla-160000-lease/,"Warehouse - Bavla (160,000 sq.ft)",Bavla,warehouse,rent,warehouse,keep,warehouse,,₹18 / sq.ft,"160,000 sq.ft",,4,bavla,warehouse-bavla-160000-lease
https://cityprop.co.in/property/warehouse-bavla-220000-lease/,"Warehouse - Bavla (220,000 sq.ft)",Bavla,warehouse,rent,warehouse,keep,warehouse,,₹18 / sq.ft,"220,000 sq.ft",,4,bavla,warehouse-bavla-220000-lease
https://cityprop.co.in/property/warehouse-bhayla-155000-lease/,"Warehouse - Bhayla (155,000 sq.ft)",Bhayla,warehouse,rent,warehouse,keep,warehouse,,₹17 / sq.ft,"155,000 sq.ft",,4,bhayla,warehouse-bhayla-155000-lease
https://cityprop.co.in/property/warehouse-bhayla-220000-lease/,"Warehouse - Bhayla (220,000 sq.ft)",Bhayla,warehouse,rent,warehouse,keep,warehouse,,₹22 / sq.ft,"220,000 sq.ft",,4,bhayla,warehouse-bhayla-220000-lease
https://cityprop.co.in/property/warehouse-bhayla-40000-lease/,"Warehouse - Bhayla (40,000 sq.ft)",Bhayla,warehouse,rent,warehouse,keep,warehouse,,₹21 / sq.ft,"40,000 sq.ft",,4,bhayla,warehouse-bhayla-40000-lease
https://cityprop.co.in/property/warehouse-changodar-57000-lease/,"Warehouse - Changodar (57,000 sq.ft)",Changodar,warehouse,rent,warehouse,keep,warehouse,,₹21 / sq.ft,"57,000 sq.ft",,4,changodar,warehouse-changodar-57000-lease
https://cityprop.co.in/property/warehouse-changodar-60000-lease/,"Warehouse - Changodar (60,000 sq.ft)",Changodar,warehouse,rent,warehouse,keep,warehouse,,₹19 / sq.ft,"60,000 sq.ft",,4,changodar,warehouse-changodar-60000-lease
https://cityprop.co.in/property/warehouse-changodar-90000-lease/,"Warehouse - Changodar (90,000 sq.ft)",Changodar,warehouse,rent,warehouse,keep,warehouse,,₹20 / sq.ft,"90,000 sq.ft",,4,changodar,warehouse-changodar-90000-lease
https://cityprop.co.in/property/warehouse-hariyala-320000-lease/,"Warehouse - Hariyala (320,000 sq.ft)",Hariyala,warehouse,rent,warehouse,keep,warehouse,,₹18 / sq.ft,"320,000 sq.ft",,4,hariyala,warehouse-hariyala-320000-lease
https://cityprop.co.in/property/warehouse-indrad-235000-lease/,"Warehouse - Indrad (235,000 sq.ft)",Indrad,warehouse,rent,warehouse,keep,warehouse,,₹18 / sq.ft,"235,000 sq.ft",,4,indrad,warehouse-indrad-235000-lease
https://cityprop.co.in/property/warehouse-jetalpur-78000-lease/,"Warehouse - Jetalpur (78,000 sq.ft)",Jetalpur,warehouse,rent,warehouse,keep,warehouse,,₹20 / sq.ft,"78,000 sq.ft",,4,jetalpur,warehouse-jetalpur-78000-lease
https://cityprop.co.in/property/warehouse-jetalpur-79000-lease/,"Warehouse - Jetalpur (79,000 sq.ft)",Jetalpur,warehouse,rent,warehouse,keep,warehouse,,Price on request,"79,000 sq.ft",,4,jetalpur,warehouse-jetalpur-79000-lease
https://cityprop.co.in/property/warehouse-kamod-13000-lease/,"Warehouse - Kamod (13,000 sq.ft)",Kamod,warehouse,rent,warehouse,keep,warehouse,,₹16 / sq.ft,"13,000 sq.ft",,4,kamod,warehouse-kamod-13000-lease
https://cityprop.co.in/property/warehouse-kamod-4300-lease/,"Warehouse - Kamod (4,300 sq.ft)",Kamod,warehouse,rent,warehouse,keep,warehouse,,₹18 / sq.ft,"4,300 sq.ft",,4,kamod,warehouse-kamod-4300-lease
https://cityprop.co.in/property/warehouse-kamod-7500-lease/,"Warehouse - Kamod (7,500 sq.ft)",Kamod,warehouse,rent,warehouse,keep,warehouse,,Price on request,"7,500 sq.ft",,4,kamod,warehouse-kamod-7500-lease
https://cityprop.co.in/property/warehouse-kanera-14000-lease/,"Warehouse - Kanera (14,000 sq.ft)",Kanera,warehouse,rent,warehouse,keep,warehouse,,Price on request,"14,000 sq.ft",,4,kanera,warehouse-kanera-14000-lease
https://cityprop.co.in/property/warehouse-kanera-22000-lease/,"Warehouse - Kanera (22,000 sq.ft)",Kanera,warehouse,rent,warehouse,keep,warehouse,,Price on request,"22,000 sq.ft",,4,kanera,warehouse-kanera-22000-lease
https://cityprop.co.in/property/warehouse-kanera-27500-lease/,"Warehouse - Kanera (27,500 sq.ft)",Kanera,warehouse,rent,warehouse,keep,warehouse,,Price on request,"27,500 sq.ft",,4,kanera,warehouse-kanera-27500-lease
https://cityprop.co.in/property/warehouse-kanera-45000-lease/,"Warehouse - Kanera (45,000 sq.ft)",Kanera,warehouse,rent,warehouse,keep,warehouse,,₹17 / sq.ft,"45,000 sq.ft",,4,kanera,warehouse-kanera-45000-lease
https://cityprop.co.in/property/warehouse-kathwada-345000-lease/,"Warehouse - Kathwada (345,000 sq.ft)",Kathwada,warehouse,rent,warehouse,keep,warehouse,,₹27 / sq.ft,"345,000 sq.ft",,4,kathwada,warehouse-kathwada-345000-lease
https://cityprop.co.in/property/warehouse-kheda-220000-lease/,"Warehouse - Kheda (220,000 sq.ft)",Kheda,warehouse,rent,warehouse,keep,warehouse,,₹15 / sq.ft,"220,000 sq.ft",,4,kheda,warehouse-kheda-220000-lease
https://cityprop.co.in/property/warehouse-kheda-29000-lease/,"Warehouse - Kheda (29,000 sq.ft)",Kheda,warehouse,rent,warehouse,keep,warehouse,,Price on request,"29,000 sq.ft",,4,kheda,warehouse-kheda-29000-lease
https://cityprop.co.in/property/warehouse-miroli-55000-lease/,"Warehouse - Miroli (55,000 sq.ft)",Miroli,warehouse,rent,warehouse,keep,warehouse,,₹18 / sq.ft,"55,000 sq.ft",,4,miroli,warehouse-miroli-55000-lease
https://cityprop.co.in/property/warehouse-moraiya-100000-lease/,"Warehouse - Moraiya (100,000 sq.ft)",Moraiya,warehouse,rent,warehouse,keep,warehouse,,₹20 / sq.ft,"100,000 sq.ft",,4,moraiya,warehouse-moraiya-100000-lease
https://cityprop.co.in/property/warehouse-moraiya-25000-lease/,"Warehouse - Moraiya (25,000 sq.ft)",Moraiya,warehouse,rent,warehouse,keep,warehouse,,₹20 / sq.ft,"25,000 sq.ft",,4,moraiya,warehouse-moraiya-25000-lease
https://cityprop.co.in/property/warehouse-pinglaj-55193-lease/,"Warehouse - Pinglaj (55,193 sq.ft)",Pinglaj,warehouse,rent,warehouse,keep,warehouse,,₹19 / sq.ft,"55,193 sq.ft",,4,pinglaj,warehouse-pinglaj-55193-lease
https://cityprop.co.in/property/warehouse-pirana-16000-lease/,"Warehouse - Pirana (16,000 sq.ft)",Pirana,warehouse,rent,warehouse,keep,warehouse,,Price on request,"16,000 sq.ft",,4,pirana,warehouse-pirana-16000-lease
https://cityprop.co.in/property/warehouse-pirana-19800-lease/,"Warehouse - Pirana (19,800 sq.ft)",Pirana,warehouse,rent,warehouse,keep,warehouse,,Price on request,"19,800 sq.ft",,4,pirana,warehouse-pirana-19800-lease
https://cityprop.co.in/property/warehouse-rajoda-220000-lease/,"Warehouse - Rajoda (220,000 sq.ft)",Rajoda,warehouse,rent,warehouse,keep,warehouse,,₹18 / sq.ft,"220,000 sq.ft",,4,rajoda,warehouse-rajoda-220000-lease
https://cityprop.co.in/property/warehouse-sanand-9000-lease/,"Warehouse - Sanand (9,000 sq.ft)",Sanand,warehouse,rent,warehouse,keep,warehouse,,Price on request,"9,000 sq.ft",,4,sanand,warehouse-sanand-9000-lease
https://cityprop.co.in/property/warehouse-sanathal-19800-lease/,"Warehouse - Sanathal (19,800 sq.ft)",Sanathal,warehouse,rent,warehouse,keep,warehouse,,₹22 / sq.ft,"19,800 sq.ft",,4,sanathal,warehouse-sanathal-19800-lease
https://cityprop.co.in/property/warehouse-sanathal-27000-lease/,"Warehouse - Sanathal (27,000 sq.ft)",Sanathal,warehouse,rent,warehouse,keep,warehouse,,Price on request,"27,000 sq.ft",,4,sanathal,warehouse-sanathal-27000-lease
https://cityprop.co.in/property/warehouse-sanathal-35000-lease/,"Warehouse - Sanathal (35,000 sq.ft)",Sanathal,warehouse,rent,warehouse,keep,warehouse,,Price on request,"35,000 sq.ft",,4,sanathal,warehouse-sanathal-35000-lease
https://cityprop.co.in/property/warehouse-vadala-135000-lease/,"Warehouse - Vadala (135,000 sq.ft)",Vadala,warehouse,rent,warehouse,keep,warehouse,,₹18 / sq.ft,"135,000 sq.ft",,4,vadala,warehouse-vadala-135000-lease
https://cityprop.co.in/property/warehouse-vadala-140000-lease/,"Warehouse - Vadala (140,000 sq.ft)",Vadala,warehouse,rent,warehouse,keep,warehouse,,₹18 / sq.ft,"140,000 sq.ft",,4,vadala,warehouse-vadala-140000-lease
https://cityprop.co.in/property/warehouse-vadala-33000-lease/,"Warehouse - Vadala (33,000 sq.ft)",Vadala,warehouse,rent,warehouse,keep,warehouse,,Price on request,"33,000 sq.ft",,4,vadala,warehouse-vadala-33000-lease
https://cityprop.co.in/property/warehouse-vadala-35000-lease/,"Warehouse - Vadala (35,000 sq.ft)",Vadala,warehouse,rent,warehouse,keep,warehouse,,Price on request,"35,000 sq.ft",,4,vadala,warehouse-vadala-35000-lease
https://cityprop.co.in/property/warehouse-vadala-60000-lease/,"Warehouse - Vadala (60,000 sq.ft)",Vadala,warehouse,rent,warehouse,keep,warehouse,,₹16 / sq.ft,"60,000 sq.ft",,4,vadala,warehouse-vadala-60000-lease
https://cityprop.co.in/property/warehouse-vadala-78000-lease/,"Warehouse - Vadala (78,000 sq.ft)",Vadala,warehouse,rent,warehouse,keep,warehouse,,₹16 / sq.ft,"78,000 sq.ft",,4,vadala,warehouse-vadala-78000-lease
https://cityprop.co.in/property/warehouse-vasai-13000-lease/,"Warehouse - Vasai (13,000 sq.ft)",Vasai,warehouse,rent,warehouse,keep,warehouse,,Price on request,"13,000 sq.ft",,4,vasai,warehouse-vasai-13000-lease
https://cityprop.co.in/property/warehouse-vasai-20000-lease/,"Warehouse - Vasai (20,000 sq.ft)",Vasai,warehouse,rent,warehouse,keep,warehouse,,Price on request,"20,000 sq.ft",,4,vasai,warehouse-vasai-20000-lease
https://cityprop.co.in/property/warehouse-vasai-24000-lease/,"Warehouse - Vasai (24,000 sq.ft)",Vasai,warehouse,rent,warehouse,keep,warehouse,,Price on request,"24,000 sq.ft",,4,vasai,warehouse-vasai-24000-lease
https://cityprop.co.in/property/warehouse-vasai-27000-lease/,"Warehouse - Vasai (27,000 sq.ft)",Vasai,warehouse,rent,warehouse,keep,warehouse,,Price on request,"27,000 sq.ft",,4,vasai,warehouse-vasai-27000-lease
https://cityprop.co.in/property/warehouse-vasai-43000-lease/,"Warehouse - Vasai (43,000 sq.ft)",Vasai,warehouse,rent,warehouse,keep,warehouse,,Price on request,"43,000 sq.ft",,4,vasai,warehouse-vasai-43000-lease
https://cityprop.co.in/property/warehouse-vavdi-152000-lease/,"Warehouse - Vavdi (152,000 sq.ft)",Vavdi,warehouse,rent,warehouse,keep,warehouse,,₹18 / sq.ft,"152,000 sq.ft",,4,vavdi,warehouse-vavdi-152000-lease
https://cityprop.co.in/property/warehouse-vavdi-170000-lease/,"Warehouse - Vavdi (170,000 sq.ft)",Vavdi,warehouse,rent,warehouse,keep,warehouse,,₹17 / sq.ft,"170,000 sq.ft",,4,vavdi,warehouse-vavdi-170000-lease
https://cityprop.co.in/property/ambli-heights-3bhk-rent-ambli/,"3 BHK 1,600 sq.ft Flat · Ambli Heights, Ambli",Ambli,apartment,rent,unit,remove,apartment rent listing,,"₹38,000","1,600 sq.ft",3,0,ambli,ambli-heights-3bhk-rent-ambli
https://cityprop.co.in/property/indraprastha-shivanta-apartment-3180-sale-ambli/,"4 BHK 3,180 sq.ft Flat for Sale · Indraprastha Shivanta, Ambli",Ambli,apartment,sale,unit,remove,apartment sale listing,,₹2.16 Cr,"3,180 sq.ft",4,1,ambli,indraprastha-shivanta-apartment-3180-sale-ambli
https://cityprop.co.in/property/viola-4bhk-ambli/,"4 BHK 5,250 sq.ft Flat for Sale · Viola, Ambli",Ambli,apartment,sale,unit,remove,apartment sale listing,,₹4.73 Cr,"5,250 sq.ft",4,0,ambli,viola-4bhk-ambli
https://cityprop.co.in/property/the-bellagio-apartment-6100-sale-ambli/,"4 BHK 6,100 sq.ft Flat for Sale · The Bellagio, Ambli",Ambli,apartment,sale,unit,remove,apartment sale listing,,₹5.79 Cr,"6,100 sq.ft",4,2,ambli,the-bellagio-apartment-6100-sale-ambli
https://cityprop.co.in/property/puspraj-tower-apartment-1800-sale-bodakdev/,"3 BHK 1,800 sq.ft Flat for Sale · Puspraj tower, Bodakdev",Bodakdev,apartment,sale,unit,remove,apartment sale listing,,₹1.55 Cr,"1,800 sq.ft",3,3,bodakdev,puspraj-tower-apartment-1800-sale-bodakdev
https://cityprop.co.in/property/pushpraj-tower-4bhk-bodakdev/,"4 BHK 2,700 sq.ft Flat for Sale · Pushpraj Tower, Bodakdev",Bodakdev,apartment,sale,unit,remove,apartment sale listing,,₹2.35 Cr,"2,700 sq.ft",4,3,bodakdev,pushpraj-tower-4bhk-bodakdev
https://cityprop.co.in/property/grand-bhagawati-4bhk-bodakdev/,"4 BHK 272 sq.yd Flat for Sale · 4 BHK near Grand Bhagawati, Bodakdev",Bodakdev,apartment,sale,unit,remove,apartment sale listing,,₹1.8 Cr,272 sq.yd,4,8,bodakdev,grand-bhagawati-4bhk-bodakdev
https://cityprop.co.in/property/visionnair-4bhk-bodakdev/,"4 BHK 3,280 sq.ft Flat for Sale · Visionnair, Bodakdev",Bodakdev,apartment,sale,unit,remove,apartment sale listing,,₹2.9 Cr,"3,280 sq.ft",4,9,bodakdev,visionnair-4bhk-bodakdev
https://cityprop.co.in/property/madhav-iconic-apartment-4077-sale-bodakdev/,"4 BHK 4,077 sq.ft Flat for Sale · Madhav Iconic, Bodakdev",Bodakdev,apartment,sale,unit,remove,apartment sale listing,,₹3.55 Cr,"4,077 sq.ft",4,1,bodakdev,madhav-iconic-apartment-4077-sale-bodakdev
https://cityprop.co.in/property/times-104-4bhk-bodakdev/,"4 BHK 4,500 sq.ft Flat for Sale · Times 104, Bodakdev",Bodakdev,apartment,sale,unit,remove,apartment sale listing,,₹7.5 Cr,"4,500 sq.ft",4,39,bodakdev,times-104-4bhk-bodakdev
https://cityprop.co.in/property/madhav-oeuvre-2-apartment-4688-sale-bodakdev/,"4 BHK 4,688 sq.ft Flat for Sale · Madhav oeuvre 2, Bodakdev",Bodakdev,apartment,sale,unit,remove,apartment sale listing,,₹4.45 Cr,"4,688 sq.ft",4,1,bodakdev,madhav-oeuvre-2-apartment-4688-sale-bodakdev
https://cityprop.co.in/property/oeuvre-2-apartment-4729-sale-bodakdev/,"4 BHK 4,729 sq.ft Flat for Sale · Oeuvre-2, Bodakdev",Bodakdev,apartment,sale,unit,remove,apartment sale listing,,₹4.3 Cr,"4,729 sq.ft",4,1,bodakdev,oeuvre-2-apartment-4729-sale-bodakdev
https://cityprop.co.in/property/times-104-apartment-6800-sale-bodakdev/,"4 BHK 6,800 sq.ft Flat for Sale · Times 104, Bodakdev",Bodakdev,apartment,sale,unit,remove,apartment sale listing,,₹9.5 Cr,"6,800 sq.ft",4,1,bodakdev,times-104-apartment-6800-sale-bodakdev
https://cityprop.co.in/property/iscon-platinum-apartment-3000-rent-bopal/,"4 BHK 3,000 sq.ft Flat for Rent · Iscon Platinum, Bopal",Bopal,apartment,rent,unit,remove,apartment rent listing,,"₹90,000","3,000 sq.ft",4,5,bopal,iscon-platinum-apartment-3000-rent-bopal
https://cityprop.co.in/property/shivanta-by-indraprastha-group-apartment-3170-sale-bopal/,"4 BHK 3,170 sq.ft Flat for Sale · Shivanta by Indraprastha Group, Bopal",Bopal,apartment,sale,unit,remove,apartment sale listing,,₹2 Cr,"3,170 sq.ft",4,1,bopal,shivanta-by-indraprastha-group-apartment-3170-sale-bopal
https://cityprop.co.in/property/the-bliss-apartment-3200-sale-bopal/,"4 BHK 3,200 sq.ft Flat for Sale · The bliss, Bopal",Bopal,apartment,sale,unit,remove,apartment sale listing,,₹2.2 Cr,"3,200 sq.ft",4,1,bopal,the-bliss-apartment-3200-sale-bopal
https://cityprop.co.in/property/paarijat-eclat-apartment-3970-sale-bopal/,"4 BHK 3,970 sq.ft Flat for Sale · Paarijat eclat, Bopal",Bopal,apartment,sale,unit,remove,apartment sale listing,,₹3.5 Cr,"3,970 sq.ft",4,1,bopal,paarijat-eclat-apartment-3970-sale-bopal
https://cityprop.co.in/property/the-bliss-apartment-4200-sale-bopal/,"4 BHK 4,200 sq.ft Flat for Sale · The bliss, Bopal",Bopal,apartment,sale,unit,remove,apartment sale listing,,₹2.35 Cr,"4,200 sq.ft",4,1,bopal,the-bliss-apartment-4200-sale-bopal
https://cityprop.co.in/property/satyamev-laxor-apartment-4230-sale-bopal/,"4 BHK 4,230 sq.ft Flat for Sale · Satyamev Laxor, Bopal",Bopal,apartment,sale,unit,remove,apartment sale listing,,₹2.88 Cr,"4,230 sq.ft",4,1,bopal,satyamev-laxor-apartment-4230-sale-bopal
https://cityprop.co.in/property/shivalik-edge-apartment-4300-rent-bopal/,"4 BHK 4,300 sq.ft Flat for Rent · Shivalik edge, Bopal",Bopal,apartment,rent,unit,remove,apartment rent listing,,"₹140,000","4,300 sq.ft",4,1,bopal,shivalik-edge-apartment-4300-rent-bopal
https://cityprop.co.in/property/iscon-platinium-4bhk-bopal/,"4 BHK 4,385 sq.ft Flat for Sale · Iscon Platinium, Bopal",Bopal,apartment,sale,unit,remove,apartment sale listing,,₹3.11 Cr,"4,385 sq.ft",4,0,bopal,iscon-platinium-4bhk-bopal
https://cityprop.co.in/property/rajyesh-regus-penthouse-rent-bopal/,"5 BHK 5,600 sq.ft Penthouse · Rajyesh Regus, Bopal",Bopal,apartment,rent,unit,remove,apartment rent listing,,"₹1,15,000","5,600 sq.ft",5,16,bopal,rajyesh-regus-penthouse-rent-bopal
https://cityprop.co.in/property/takshashila-elegna-apartment-1764-sale-ellisbridge/,"3 BHK 1,764 sq.ft Flat for Sale · Takshashila elegna, Ellisbridge",Ellisbridge,apartment,sale,unit,remove,apartment sale listing,,₹1.35 Cr,"1,764 sq.ft",3,1,ellisbridge,takshashila-elegna-apartment-1764-sale-ellisbridge
https://cityprop.co.in/property/siban-apartment-865-sale-gift-city/,"1 BHK 865 sq.ft Flat for Sale · Siban, GIFT City",GIFT City,apartment,sale,unit,remove,apartment sale listing,,₹78 L,865 sq.ft,1,1,gift-city,siban-apartment-865-sale-gift-city
https://cityprop.co.in/property/olive-greens-apartment-3400-sale-gota/,"4 BHK 3,400 sq.ft Flat for Sale · Olive greens, Gota",Gota,apartment,sale,unit,remove,apartment sale listing,,₹2.6 Cr,"3,400 sq.ft",4,1,gota,olive-greens-apartment-3400-sale-gota
https://cityprop.co.in/property/anishree-paratistha-apartment-2592-sale-gulbai-tekra/,"3 BHK 2,592 sq.ft Flat for Sale · Anishree paratistha, Gulbai Tekra",Gulbai Tekra,apartment,sale,unit,remove,apartment sale listing,,₹1.95 Cr,"2,592 sq.ft",3,1,gulbai-tekra,anishree-paratistha-apartment-2592-sale-gulbai-tekra
https://cityprop.co.in/property/sankalp-race-3-apartment-4920-sale-hebatpur/,"4 BHK 4,920 sq.ft Flat for Sale · Sankalp Race 3, Hebatpur",Hebatpur,apartment,sale,unit,remove,apartment sale listing,,₹4 Cr,"4,920 sq.ft",4,1,hebatpur,sankalp-race-3-apartment-4920-sale-hebatpur
https://cityprop.co.in/property/satyam-skyline-2-apartment-1912-sale-naranpura/,"3 BHK 1,912 sq.ft Flat for Sale · Satyam skyline 2, Naranpura",Naranpura,apartment,sale,unit,remove,apartment sale listing,,₹1.4 Cr,"1,912 sq.ft",3,1,naranpura,satyam-skyline-2-apartment-1912-sale-naranpura
https://cityprop.co.in/property/aaryan-euphoria-3bhk-naranpura/,"3 BHK 175 sq.yd Flat for Sale · Aaryan Euphoria, Naranpura",Naranpura,apartment,sale,unit,remove,apartment sale listing,,₹1.15 Cr,175 sq.yd,3,25,naranpura,aaryan-euphoria-3bhk-naranpura
https://cityprop.co.in/property/arvind-citadel-apartment-1754-sale-navrangpura/,"3 BHK 1,754 sq.ft Flat for Sale · Arvind Citadel, Navrangpura",Navrangpura,apartment,sale,unit,remove,apartment sale listing,,₹1.6 Cr,"1,754 sq.ft",3,1,navrangpura,arvind-citadel-apartment-1754-sale-navrangpura
https://cityprop.co.in/property/vishal-residency-bungalow-1500-rent-prahlad-nagar/,"2 BHK 1,500 sq.ft Flat for Rent · Vishal residency, Prahladnagar",Prahladnagar,apartment,rent,unit,remove,apartment rent listing,,"₹40,000","1,500 sq.ft",2,1,prahlad-nagar,vishal-residency-bungalow-1500-rent-prahlad-nagar
https://cityprop.co.in/property/rivera-blues-apartment-2780-sale-prahlad-nagar/,"4 BHK 2,780 sq.ft Flat for Sale · Rivera Blues, Prahladnagar",Prahladnagar,apartment,sale,unit,remove,apartment sale listing,,₹3.5 Cr,"2,780 sq.ft",4,1,prahlad-nagar,rivera-blues-apartment-2780-sale-prahlad-nagar
https://cityprop.co.in/property/iris-exotica-apartment-3500-rent-prahlad-nagar/,"4 BHK 3,500 sq.ft Flat for Rent · Iris Exotica, Prahladnagar",Prahladnagar,apartment,rent,unit,remove,apartment rent listing,,"₹120,000","3,500 sq.ft",4,1,prahlad-nagar,iris-exotica-apartment-3500-rent-prahlad-nagar
https://cityprop.co.in/property/parijat-eclet-4bhk-rent-sg-highway/,"4 BHK 3,980 sq.ft Flat · Parijat Eclet, SG Highway",SG Highway,apartment,rent,unit,remove,apartment rent listing,,"₹2,00,000","3,980 sq.ft",4,24,sg-highway,parijat-eclet-4bhk-rent-sg-highway
https://cityprop.co.in/property/kallisto-14-apartment-2170-sale-satellite/,"2,170 sq.ft Flat for Sale · Kallisto 14, Satellite",Satellite,apartment,sale,unit,remove,apartment sale listing,,₹1.78 Cr,"2,170 sq.ft",,2,satellite,kallisto-14-apartment-2170-sale-satellite
https://cityprop.co.in/property/rosewood-etate-apartment-2250-sale-satellite/,"3 BHK 2,250 sq.ft Flat for Sale · Rosewood Etate, Satellite",Satellite,apartment,sale,unit,remove,apartment sale listing,,₹2 Cr,"2,250 sq.ft",3,1,satellite,rosewood-etate-apartment-2250-sale-satellite
https://cityprop.co.in/property/aurania-apartment-3050-sale-satellite/,"3 BHK 3,050 sq.ft Flat for Sale · Aurania, Satellite",Satellite,apartment,sale,unit,remove,apartment sale listing,,₹2.44 Cr,"3,050 sq.ft",3,1,satellite,aurania-apartment-3050-sale-satellite
https://cityprop.co.in/property/ratnakar-bluemond-apartment-10000-sale-satellite/,"4 BHK 10,000 sq.ft Flat for Sale · Ratnakar Bluemond, Satellite",Satellite,apartment,sale,unit,remove,apartment sale listing,,₹12 Cr,"10,000 sq.ft",4,1,satellite,ratnakar-bluemond-apartment-10000-sale-satellite
https://cityprop.co.in/property/shaligram-4bhk-satellite/,"4 BHK 2,300 sq.ft carpet Flat for Sale · Shaligram, Satellite",Satellite,apartment,sale,unit,remove,apartment sale listing,,₹3.25 Cr,"2,300 sq.ft carpet",4,9,satellite,shaligram-4bhk-satellite
https://cityprop.co.in/property/satellite-flat-apartment-2800-sale-satellite/,"4 BHK 2,800 sq.ft Flat for Sale · Satellite Flat, Satellite",Satellite,apartment,sale,unit,remove,apartment sale listing,,₹2.52 Cr,"2,800 sq.ft",4,1,satellite,satellite-flat-apartment-2800-sale-satellite
https://cityprop.co.in/property/aurania-apartment-4200-sale-satellite/,"4 BHK 4,200 sq.ft Flat for Sale · Aurania, Satellite",Satellite,apartment,sale,unit,remove,apartment sale listing,,₹3.36 Cr,"4,200 sq.ft",4,1,satellite,aurania-apartment-4200-sale-satellite
https://cityprop.co.in/property/shaligram-sky-apartment-4787-sale-satellite/,"4 BHK 4,787 sq.ft Flat for Sale · Shaligram Sky, Satellite",Satellite,apartment,sale,unit,remove,apartment sale listing,,₹3.93 Cr,"4,787 sq.ft",4,1,satellite,shaligram-sky-apartment-4787-sale-satellite
https://cityprop.co.in/property/shangri-la-apartment-5925-sale-satellite/,"4 BHK 5,925 sq.ft Flat for Sale · Shangri-La, Satellite",Satellite,apartment,sale,unit,remove,apartment sale listing,,₹5.33 Cr,"5,925 sq.ft",4,1,satellite,shangri-la-apartment-5925-sale-satellite
https://cityprop.co.in/property/sheetal-aqua-4bhk-shahibag/,"4 BHK 4,122 sq.ft Flat for Sale · Sheetal Aqua, Shahibag",Shahibag,apartment,sale,unit,remove,apartment sale listing,,₹5.5 Cr,"4,122 sq.ft",4,12,shahibaug,sheetal-aqua-4bhk-shahibag
https://cityprop.co.in/property/riviera-aspire-apartment-2740-sale-shela/,"3 BHK 2,740 sq.ft Flat for Sale · Riviera Aspire, Shela",Shela,apartment,sale,unit,remove,apartment sale listing,,₹1.48 Cr,"2,740 sq.ft",3,1,shela,riviera-aspire-apartment-2740-sale-shela
https://cityprop.co.in/property/silver-brook-2-apartment-1760-sale-shilaj/,"3 BHK 1,760 sq.ft Flat for Sale · Silver Brook 2, Shilaj",Shilaj,apartment,sale,unit,remove,apartment sale listing,,₹65 L,"1,760 sq.ft",3,1,shilaj,silver-brook-2-apartment-1760-sale-shilaj
https://cityprop.co.in/property/skyros-apartment-5151-sale-sindhu-bhavan-road/,"4 BHK 5,151 sq.ft Flat for Sale · Skyros, Sindhu Bhavan Road",Sindhu Bhavan Road,apartment,sale,unit,remove,apartment sale listing,,₹3.97 Cr,"5,151 sq.ft",4,1,sindhu-bhavan-road,skyros-apartment-5151-sale-sindhu-bhavan-road
https://cityprop.co.in/property/orchid-divine-apartment-1400-rent-south-bopal/,"3 BHK 1,400 sq.ft Flat for Rent · Orchid Divine, South Bopal",South Bopal,apartment,rent,unit,remove,apartment rent listing,,"₹37,000","1,400 sq.ft",3,1,south-bopal,orchid-divine-apartment-1400-rent-south-bopal
https://cityprop.co.in/property/orchid-divine-apartment-1425-rent-south-bopal/,"3 BHK 1,425 sq.ft Flat for Rent · Orchid Divine, South Bopal",South Bopal,apartment,rent,unit,remove,apartment rent listing,,"₹37,000","1,425 sq.ft",3,1,south-bopal,orchid-divine-apartment-1425-rent-south-bopal
https://cityprop.co.in/property/maruti-zenobia-3bhk-thaltej/,"3 BHK 1,755 sq.ft Flat for Sale · Maruti Zenobia, Thaltej",Thaltej,apartment,sale,unit,remove,apartment sale listing,,₹1.9 Cr,"1,755 sq.ft",3,9,thaltej,maruti-zenobia-3bhk-thaltej
https://cityprop.co.in/property/siesta-dwelling-penthouse-thaltej/,"3 BHK 181 sq.yd Penthouse for Sale · Siesta Dwelling, Thaltej",Thaltej,apartment,sale,unit,remove,apartment sale listing,,₹2.35 Cr,181 sq.yd,3,25,thaltej,siesta-dwelling-penthouse-thaltej
https://cityprop.co.in/property/shakti-140-apartment-189-sale-thaltej/,"3 BHK 189 sq.yd Flat for Sale · Shakti 140, Thaltej",Thaltej,apartment,sale,unit,remove,apartment sale listing,,₹1.15 Cr,189 sq.yd,3,1,thaltej,shakti-140-apartment-189-sale-thaltej
https://cityprop.co.in/property/maple-tree-3bhk-thaltej/,"3 BHK 2,200 sq.ft Flat for Sale · Maple Tree, Thaltej",Thaltej,apartment,sale,unit,remove,apartment sale listing,,₹2.6 Cr,"2,200 sq.ft",3,8,thaltej,maple-tree-3bhk-thaltej
https://cityprop.co.in/property/copper-stone-apartment-2250-rent-thaltej/,"3 BHK 2,250 sq.ft Flat for Rent · Copper stone, Thaltej",Thaltej,apartment,rent,unit,remove,apartment rent listing,,"₹58,000","2,250 sq.ft",3,1,thaltej,copper-stone-apartment-2250-rent-thaltej
https://cityprop.co.in/property/mapple-tree-apartment-2394-sale-thaltej/,"3 BHK 2,394 sq.ft Flat for Sale · Mapple tree, Thaltej",Thaltej,apartment,sale,unit,remove,apartment sale listing,,₹2.6 Cr,"2,394 sq.ft",3,1,thaltej,mapple-tree-apartment-2394-sale-thaltej
https://cityprop.co.in/property/zion-windfield-apartment-2598-sale-thaltej/,"3 BHK 2,598 sq.ft Flat for Sale · Zion windfield, Thaltej",Thaltej,apartment,sale,unit,remove,apartment sale listing,,₹2.41 Cr,"2,598 sq.ft",3,1,thaltej,zion-windfield-apartment-2598-sale-thaltej
https://cityprop.co.in/property/copper-stone-apartment-2800-sale-thaltej/,"4 BHK 2,800 sq.ft Flat for Sale · Copper Stone, Thaltej",Thaltej,apartment,sale,unit,remove,apartment sale listing,,₹2.5 Cr,"2,800 sq.ft",4,1,thaltej,copper-stone-apartment-2800-sale-thaltej
https://cityprop.co.in/property/sheetal-enigma-4bhk-thaltej/,"4 BHK 2,890 sq.ft Flat for Sale · Sheetal Enigma, Thaltej",Thaltej,apartment,sale,unit,remove,apartment sale listing,,₹2.2 Cr,"2,890 sq.ft",4,0,thaltej,sheetal-enigma-4bhk-thaltej
https://cityprop.co.in/property/status-tower-apartment-3300-sale-thaltej/,"4 BHK 3,300 sq.ft Flat for Sale · Status Tower, Thaltej",Thaltej,apartment,sale,unit,remove,apartment sale listing,,₹2.1 Cr,"3,300 sq.ft",4,1,thaltej,status-tower-apartment-3300-sale-thaltej
https://cityprop.co.in/property/copper-stone-apartment-3400-rent-thaltej/,"4 BHK 3,400 sq.ft Flat for Rent · Copper stone, Thaltej",Thaltej,apartment,rent,unit,remove,apartment rent listing,,"₹100,000","3,400 sq.ft",4,1,thaltej,copper-stone-apartment-3400-rent-thaltej
https://cityprop.co.in/property/copper-stone-apartment-3400-sale-thaltej/,"4 BHK 3,400 sq.ft Flat for Sale · Copper stone, Thaltej",Thaltej,apartment,sale,unit,remove,apartment sale listing,,₹3.25 Cr,"3,400 sq.ft",4,1,thaltej,copper-stone-apartment-3400-sale-thaltej
https://cityprop.co.in/property/sharanya-skyview-apartment-3400-sale-thaltej/,"4 BHK 3,400 sq.ft Flat for Sale · Sharanya skyview, Thaltej",Thaltej,apartment,sale,unit,remove,apartment sale listing,,₹3.2 Cr,"3,400 sq.ft",4,1,thaltej,sharanya-skyview-apartment-3400-sale-thaltej
https://cityprop.co.in/property/casa-emplio-apartment-3600-sale-thaltej/,"4 BHK 3,600 sq.ft Flat for Sale · Casa emplio, Thaltej",Thaltej,apartment,sale,unit,remove,apartment sale listing,,₹2.45 Cr,"3,600 sq.ft",4,1,thaltej,casa-emplio-apartment-3600-sale-thaltej
https://cityprop.co.in/property/sankalp-grace-3-apartment-3920-sale-thaltej/,"4 BHK 3,920 sq.ft Flat for Sale · Sankalp Grace 3, Thaltej",Thaltej,apartment,sale,unit,remove,apartment sale listing,,₹4.5 Cr,"3,920 sq.ft",4,4,thaltej,sankalp-grace-3-apartment-3920-sale-thaltej
https://cityprop.co.in/property/artifino-4bhk-thaltej/,"4 BHK 4,000 sq.ft Flat for Sale · Artifino, Thaltej",Thaltej,apartment,sale,unit,remove,apartment sale listing,,₹2.72 Cr,"4,000 sq.ft",4,0,thaltej,artifino-4bhk-thaltej
https://cityprop.co.in/property/sankalp-grace-3-4bhk-thaltej/,"4 BHK 5,100 sq.ft Flat for Sale · Sankalp Grace 3, Thaltej",Thaltej,apartment,sale,unit,remove,apartment sale listing,,₹4.5 Cr,"5,100 sq.ft",4,4,thaltej,sankalp-grace-3-4bhk-thaltej
https://cityprop.co.in/property/verantes-22-apartment-5100-sale-thaltej/,"4 BHK 5,100 sq.ft Flat for Sale · Verantes-22, Thaltej",Thaltej,apartment,sale,unit,remove,apartment sale listing,,₹6.12 Cr,"5,100 sq.ft",4,1,thaltej,verantes-22-apartment-5100-sale-thaltej
https://cityprop.co.in/property/the-beaumonde-apartment-5250-sale-thaltej/,"4 BHK 5,250 sq.ft Flat for Sale · The Beaumonde, Thaltej",Thaltej,apartment,sale,unit,remove,apartment sale listing,,₹3.78 Cr,"5,250 sq.ft",4,1,thaltej,the-beaumonde-apartment-5250-sale-thaltej
https://cityprop.co.in/property/sky-deck-season-apartment-5900-sale-thaltej/,"4 BHK 5,900 sq.ft Flat for Sale · Sky Deck Season, Thaltej",Thaltej,apartment,sale,unit,remove,apartment sale listing,,₹5.01 Cr,"5,900 sq.ft",4,1,thaltej,sky-deck-season-apartment-5900-sale-thaltej
https://cityprop.co.in/property/drive-in-road-apartment-480-rent-thaltej/,"6 BHK 480 sq.yd Flat for Rent · Drive in road, Thaltej",Thaltej,apartment,rent,unit,remove,apartment rent listing,,"₹175,000",480 sq.yd,6,1,thaltej,drive-in-road-apartment-480-rent-thaltej
https://cityprop.co.in/property/sankalp-grace-3-flat-thaltej/,"7,900 sq.ft Flat for Sale · Sankalp Grace 3, Thaltej",Thaltej,apartment,sale,unit,remove,apartment sale listing,,₹7.5 Cr,"7,900 sq.ft",,4,thaltej,sankalp-grace-3-flat-thaltej
https://cityprop.co.in/property/casa-vyoma-apartment-1652-sale-vastrapur/,"3 BHK 1,652 sq.ft Flat for Sale · Casa vyoma, Vastrapur",Vastrapur,apartment,sale,unit,remove,apartment sale listing,,₹1.55 Cr,"1,652 sq.ft",3,5,vastrapur,casa-vyoma-apartment-1652-sale-vastrapur
https://cityprop.co.in/property/hiramani-apartment-3bhk-vastrapur/,"3 BHK 150 sq.yd Flat for Sale · Hiramani Apartment, Vastrapur",Vastrapur,apartment,sale,unit,remove,apartment sale listing,,₹1.1 Cr,150 sq.yd,3,19,vastrapur,hiramani-apartment-3bhk-vastrapur
https://cityprop.co.in/property/sheetal-westpark-apartment-2450-rent-vastrapur/,"4 BHK 2,450 sq.ft Flat for Rent · Sheetal Westpark, Vastrapur",Vastrapur,apartment,rent,unit,remove,apartment rent listing,,"₹54,000","2,450 sq.ft",4,1,vastrapur,sheetal-westpark-apartment-2450-rent-vastrapur
https://cityprop.co.in/property/sheetal-west-park-4bhk-vastrapur/,"4 BHK 2,475 sq.ft super built up Flat for Sale · Sheetal West Park, Vastrapur",Vastrapur,apartment,sale,unit,remove,apartment sale listing,,₹2.3 Cr,"2,475 sq.ft super built up",4,7,vastrapur,sheetal-west-park-4bhk-vastrapur
https://cityprop.co.in/property/shyam-tirth-apartment-vejalpur/,"1,900 sq.ft Flat for Sale · Shyam Tirth, Vejalpur",Vejalpur,apartment,sale,unit,remove,apartment sale listing,,₹1.85 Cr,"1,900 sq.ft",,18,vejalpur,shyam-tirth-apartment-vejalpur
https://cityprop.co.in/property/suryam-repose-farmhouse-agol/,"1,400 sq.yd Farmhouse for Sale · Suryam Repose, Agol",Agol,bungalow,sale,unit,remove,bungalow sale listing,,₹2.25 Cr,"1,400 sq.yd",,0,agol,suryam-repose-farmhouse-agol
https://cityprop.co.in/property/walkeshwar-society-bungalow-ambawadi/,"4 BHK 450 sq.yd Bungalow for Sale · Walkeshwar Society, Ambawadi",Ambawadi,bungalow,sale,unit,remove,bungalow sale listing,,₹5.25 Cr,450 sq.yd,4,7,ambawadi,walkeshwar-society-bungalow-ambawadi
https://cityprop.co.in/property/sentossa-greenland-bungalow-700-rent-bhadaj/,"3 BHK 700 sq.yd Bungalow for Rent · Sentossa Greenland, Bhadaj",Bhadaj,bungalow,rent,unit,remove,bungalow rent listing,,"₹65,000",700 sq.yd,3,1,bhadaj,sentossa-greenland-bungalow-700-rent-bhadaj
https://cityprop.co.in/property/26-samarpan-bungalow-bodakdev/,"5 BHK Bungalow · 26 Samarpan Bungalow, Bodakdev",Bodakdev,bungalow,rent,unit,remove,bungalow rent listing,,"₹2,25,000",,5,31,bodakdev,26-samarpan-bungalow-bodakdev
https://cityprop.co.in/property/individual-bungalow-bungalow-558-sale-ghatlodia/,"5 BHK 558 sq.yd Bungalow for Sale · Individual bungalow, Ghatlodia",Ghatlodia,bungalow,sale,unit,remove,bungalow sale listing,,₹5.8 Cr,558 sq.yd,5,1,ghatlodia,individual-bungalow-bungalow-558-sale-ghatlodia
https://cityprop.co.in/property/safal-vihan-bungalow-bungalow-1962-sale-gokuldham/,"1,962 sq.yd Bungalow for Sale · SAFAL VIHAN Bungalow, Gokuldham",Gokuldham,bungalow,sale,unit,remove,bungalow sale listing,,₹15.5 Cr,"1,962 sq.yd",,0,gokuldham,safal-vihan-bungalow-bungalow-1962-sale-gokuldham
https://cityprop.co.in/property/manekbag-bungalow-bungalow-400-sale-manekbag/,"4 BHK 400 sq.yd Bungalow for Sale · Manekbag Bungalow, Manekbag",Manekbag,bungalow,sale,unit,remove,bungalow sale listing,,₹5.5 Cr,400 sq.yd,4,1,manekbag,manekbag-bungalow-bungalow-400-sale-manekbag
https://cityprop.co.in/property/shrinath-park-society-bungalow-580-sale-manekbag/,"4 BHK 580 sq.yd Bungalow for Sale · shrinath park Society, Manekbag",Manekbag,bungalow,sale,unit,remove,bungalow sale listing,,₹5.25 Cr,580 sq.yd,4,0,manekbag,shrinath-park-society-bungalow-580-sale-manekbag
https://cityprop.co.in/property/revera-20-bungalow-prahladnagar/,"4 BHK 484 sq.yd Bungalow for Sale · Revera 20, Prahlad Nagar",Prahlad Nagar,bungalow,sale,unit,remove,bungalow sale listing,,₹8.5 Cr,484 sq.yd,4,0,prahlad-nagar,revera-20-bungalow-prahladnagar
https://cityprop.co.in/property/aaryavart-3-bungalow-prahladnagar/,"4 BHK 543 sq.yd Bungalow for Sale · Aaryavart 3, Prahlad Nagar",Prahlad Nagar,bungalow,sale,unit,remove,bungalow sale listing,,Price on request,543 sq.yd,4,16,prahlad-nagar,aaryavart-3-bungalow-prahladnagar
https://cityprop.co.in/property/arjun-villa-bunglows-bungalow-291-sale-prahlad-nagar/,"4 BHK 291 sq.yd Bungalow for Sale · Arjun Villa Bunglows, Prahladnagar",Prahladnagar,bungalow,sale,unit,remove,bungalow sale listing,,₹5.11 Cr,291 sq.yd,4,0,prahlad-nagar,arjun-villa-bunglows-bungalow-291-sale-prahlad-nagar
https://cityprop.co.in/property/setu-bungalow-bungalow-310-sale-prahlad-nagar/,"4 BHK 310 sq.yd Bungalow for Sale · Setu Bungalow, Prahladnagar",Prahladnagar,bungalow,sale,unit,remove,bungalow sale listing,,₹5.25 Cr,310 sq.yd,4,1,prahlad-nagar,setu-bungalow-bungalow-310-sale-prahlad-nagar
https://cityprop.co.in/property/sarthi-duplex-bungalow-235-rent-satellite/,"4 BHK 235 sq.yd Bungalow for Rent · Sarthi duplex, Satellite",Satellite,bungalow,rent,unit,remove,bungalow rent listing,,"₹55,000",235 sq.yd,4,1,satellite,sarthi-duplex-bungalow-235-rent-satellite
https://cityprop.co.in/property/sarthi-duplex-bungalow-235-sale-satellite/,"4 BHK 235 sq.yd Bungalow for Sale · Sarthi duplex, Satellite",Satellite,bungalow,sale,unit,remove,bungalow sale listing,,₹4 Cr,235 sq.yd,4,0,satellite,sarthi-duplex-bungalow-235-sale-satellite
https://cityprop.co.in/property/arjun-villa-bungalow-250-rent-satellite/,"4 BHK 250 sq.yd Bungalow for Rent · Arjun villa, Satellite",Satellite,bungalow,rent,unit,remove,bungalow rent listing,,"₹200,000",250 sq.yd,4,0,satellite,arjun-villa-bungalow-250-rent-satellite
https://cityprop.co.in/property/gulmohar-greens-bungalow-science-city/,"4 BHK 416 sq.yd Bungalow for Sale · Gulmohar Greens, Science City",Science City,bungalow,sale,unit,remove,bungalow sale listing,,₹8 Cr,416 sq.yd,4,2,science-city,gulmohar-greens-bungalow-science-city
https://cityprop.co.in/property/aryaman-bungalow-bungalow-570-sale-shilaj/,"4 BHK 570 sq.yd Bungalow for Sale · aryaman Bungalow, Shilaj",Shilaj,bungalow,sale,unit,remove,bungalow sale listing,,₹8 Cr,570 sq.yd,4,0,shilaj,aryaman-bungalow-bungalow-570-sale-shilaj
https://cityprop.co.in/property/kalhar-bungalow-shilaj/,"4 BHK 800 sq.yd Bungalow for Sale · Kalhar Bungalow, Shilaj",Shilaj,bungalow,sale,unit,remove,bungalow sale listing,,₹9.2 Cr,800 sq.yd,4,2,shilaj,kalhar-bungalow-shilaj
https://cityprop.co.in/property/aryaman-residency-bungalow-582-sale-shilaj/,"582 sq.yd Bungalow for Sale · Aryaman Residency, Shilaj",Shilaj,bungalow,sale,unit,remove,bungalow sale listing,,₹10.5 Cr,582 sq.yd,,0,shilaj,aryaman-residency-bungalow-582-sale-shilaj
https://cityprop.co.in/property/shrushti-bungalows-bungalow-400-sale-shyamal/,"4 BHK 400 sq.yd Bungalow for Sale · Shrushti Bungalows, Shyamal",Shyamal,bungalow,sale,unit,remove,bungalow sale listing,,₹7.5 Cr,400 sq.yd,4,1,shyamal,shrushti-bungalows-bungalow-400-sale-shyamal
https://cityprop.co.in/property/anusthan-bungalow-bungalow-245-sale-sola/,"3 BHK 245 sq.yd Bungalow for Sale · anusthan Bungalow, Sola",Sola,bungalow,sale,unit,remove,bungalow sale listing,,₹5.35 Cr,245 sq.yd,3,1,sola,anusthan-bungalow-bungalow-245-sale-sola
https://cityprop.co.in/property/tulip-bungalow-2-surdhara/,"237 sq.yd Bungalow for Sale · Tulip Bungalow 2, Surdhara",Surdhara,bungalow,sale,unit,remove,bungalow sale listing,,₹3.9 Cr,237 sq.yd,,0,surdhara,tulip-bungalow-2-surdhara
https://cityprop.co.in/property/satyam-crystal-bunglows-bungalow-200-rent-thaltej/,"3 BHK 200 sq.yd Bungalow for Rent · Satyam Crystal Bunglows, Thaltej",Thaltej,bungalow,rent,unit,remove,bungalow rent listing,,"₹51,000",200 sq.yd,3,1,thaltej,satyam-crystal-bunglows-bungalow-200-rent-thaltej
https://cityprop.co.in/property/shangrila-bungalow-thaltej/,"3 BHK 310 sq.yd Bungalow for Sale · Shangrila Bungalow Part 1, Thaltej",Thaltej,bungalow,sale,unit,remove,bungalow sale listing,,₹6.5 Cr,310 sq.yd,3,20,thaltej,shangrila-bungalow-thaltej
https://cityprop.co.in/property/shalin-bungalow-bungalow-250-sale-thaltej/,"4 BHK 250 sq.yd Bungalow for Sale · Shalin Bungalow, Thaltej",Thaltej,bungalow,sale,unit,remove,bungalow sale listing,,₹3.25 Cr,250 sq.yd,4,1,thaltej,shalin-bungalow-bungalow-250-sale-thaltej
https://cityprop.co.in/property/yogeshwar-bungalow-bungalow-350-sale-thaltej/,"4 BHK 350 sq.yd Bungalow for Sale · yogeshwar Bungalow, Thaltej",Thaltej,bungalow,sale,unit,remove,bungalow sale listing,,₹5.25 Cr,350 sq.yd,4,1,thaltej,yogeshwar-bungalow-bungalow-350-sale-thaltej
https://cityprop.co.in/property/nisarg-bungalow-bungalow-373-sale-thaltej/,"4 BHK 373 sq.yd Bungalow for Sale · Nisarg Bungalow, Thaltej",Thaltej,bungalow,sale,unit,remove,bungalow sale listing,,₹3.51 Cr,373 sq.yd,4,1,thaltej,nisarg-bungalow-bungalow-373-sale-thaltej
https://cityprop.co.in/property/vrundavan-7-bungalow-thaltej/,"4 BHK 478 sq.yd Bungalow for Sale · Vrundavan 7, Thaltej",Thaltej,bungalow,sale,unit,remove,bungalow sale listing,,₹11.5 Cr,478 sq.yd,4,0,thaltej,vrundavan-7-bungalow-thaltej
https://cityprop.co.in/property/abhinav-bungalow-bungalow-480-rent-thaltej/,"6 BHK 480 sq.yd Bungalow for Rent · Abhinav Bungalow, Thaltej",Thaltej,bungalow,rent,unit,remove,bungalow rent listing,,"₹200,000",480 sq.yd,6,1,thaltej,abhinav-bungalow-bungalow-480-rent-thaltej
https://cityprop.co.in/property/sathyam-bungalow-bungalow-250-sale-vastrapur/,"4 BHK 250 sq.yd Bungalow for Sale · Sathyam Bungalow, Vastrapur",Vastrapur,bungalow,sale,unit,remove,bungalow sale listing,,₹3.25 Cr,250 sq.yd,4,0,vastrapur,sathyam-bungalow-bungalow-250-sale-vastrapur
https://cityprop.co.in/property/prakash-society-bungalow-vastrapur/,"468 sq.yd Bungalow for Sale · Prakash Society, Vastrapur",Vastrapur,bungalow,sale,unit,remove,bungalow sale listing,,7.02 Cr,468 sq.yd,,0,vastrapur,prakash-society-bungalow-vastrapur
https://cityprop.co.in/property/judges-bungalow-road-bungalow-vastrapur/,"3,500 sq.ft Commercial Bungalow · Judges Bungalow Road, Vastrapur",Vastrapur,commercial,rent,unit,remove,commercial rent listing,,"₹325,000","3,500 sq.ft carpet",,0,vastrapur,judges-bungalow-road-bungalow-vastrapur
https://cityprop.co.in/property/pre-leased-bank-branch-showroom-2392-lease-naranpura/,"Pre-leased Showroom · Naranpura, Ahmedabad",Naranpura,investment,prelease,unit,remove,investment prelease listing,,"₹220,000","2,392 sq.ft",,1,naranpura,pre-leased-bank-branch-showroom-2392-lease-naranpura
https://cityprop.co.in/property/pre-leased-retail-showroom-showroom-1768-lease-naranpura/,"Pre-leased Showroom · Naranpura, Ahmedabad",Naranpura,investment,prelease,unit,remove,investment prelease listing,,"₹220,000","1,768 sq.ft",,1,naranpura,pre-leased-retail-showroom-showroom-1768-lease-naranpura
https://cityprop.co.in/property/pre-leased-retail-showroom-showroom-1489-lease-navrangpura/,"Pre-leased Showroom · Navrangpura, Ahmedabad",Navrangpura,investment,prelease,unit,remove,investment prelease listing,,"₹158,852","1,489 sq.ft",,0,navrangpura,pre-leased-retail-showroom-showroom-1489-lease-navrangpura
https://cityprop.co.in/property/pre-leased-retail-showroom-showroom-1500-lease-navrangpura/,"Pre-leased Showroom · Navrangpura, Ahmedabad",Navrangpura,investment,prelease,unit,remove,investment prelease listing,,"₹111,000","1,500 sq.ft",,1,navrangpura,pre-leased-retail-showroom-showroom-1500-lease-navrangpura
https://cityprop.co.in/property/pre-leased-bank-branch-showroom-1380-lease-odhav/,"Pre-leased Showroom · Odhav, Ahmedabad",Odhav,investment,prelease,unit,remove,investment prelease listing,,"₹97,500","1,380 sq.ft",,1,odhav,pre-leased-bank-branch-showroom-1380-lease-odhav
https://cityprop.co.in/property/pre-leased-retail-showroom-showroom-3641-lease-satellite/,"Pre-leased Showroom · Satellite, Ahmedabad",Satellite,investment,prelease,unit,remove,investment prelease listing,,"₹408,365","3,641 sq.ft",,1,satellite,pre-leased-retail-showroom-showroom-3641-lease-satellite
https://cityprop.co.in/property/pre-leased-bank-branch-showroom-1650-lease-vastrapur/,"Pre-leased Showroom · Vastrapur, Ahmedabad",Vastrapur,investment,prelease,unit,remove,investment prelease listing,,"₹160,000","1,650 sq.ft",,1,vastrapur,pre-leased-bank-branch-showroom-1650-lease-vastrapur
https://cityprop.co.in/property/pre-leased-bank-branch-showroom-1747-lease-vastrapur/,"Pre-leased Showroom · Vastrapur, Ahmedabad",Vastrapur,investment,prelease,unit,remove,investment prelease listing,,"₹160,000","1,747 sq.ft",,1,vastrapur,pre-leased-bank-branch-showroom-1747-lease-vastrapur
https://cityprop.co.in/property/turquoise-office-rent-ambawadi/,"11,000 sq.ft Office · Turquoise, Ambawadi",Ambawadi,office,rent,unit,remove,office rent listing,,₹42 / sq.ft,"11,000 sq.ft",,0,ambawadi,turquoise-office-rent-ambawadi
https://cityprop.co.in/property/sun-avenue-one-office-rent-ambawadi/,"19,300 sq.ft Office · Sun Avenue One, Ambawadi",Ambawadi,office,rent,unit,remove,office rent listing,,₹58 / sq.ft,"19,300 sq.ft",,6,ambawadi,sun-avenue-one-office-rent-ambawadi
https://cityprop.co.in/property/sigma-legacy-office-rent-ambawadi/,"2,000 sq.ft Office · Sigma Legacy, Ambawadi",Ambawadi,office,rent,unit,remove,office rent listing,,₹45 / sq.ft,"2,000 sq.ft",,0,ambawadi,sigma-legacy-office-rent-ambawadi
https://cityprop.co.in/property/3rd-eye-vision-3270-office-rent-ambawadi/,"3,270 sq.ft Office · 3rd Eye Vision, Ambawadi",Ambawadi,office,rent,unit,remove,office rent listing,,₹55 / sq.ft,"3,270 sq.ft",,0,ambawadi,3rd-eye-vision-3270-office-rent-ambawadi
https://cityprop.co.in/property/venus-stratum-office-sale-ambawadi/,"4,545 sq.ft Office for Sale · Venus Stratum, Ambawadi",Ambawadi,office,sale,unit,remove,office sale listing,,₹3.86 Cr,"4,545 sq.ft",,2,ambawadi,venus-stratum-office-sale-ambawadi
https://cityprop.co.in/property/3rd-eye-vision-office-rent-ambawadi/,"4,740 sq.ft Office · 3rd Eye Vision, Ambawadi",Ambawadi,office,rent,unit,remove,office rent listing,,₹55 / sq.ft,"4,740 sq.ft",,0,ambawadi,3rd-eye-vision-office-rent-ambawadi
https://cityprop.co.in/property/shivalik-10-4815-office-rent-ambawadi/,"4,815 sq.ft super built up Office · Shivalik 10, Ambawadi",Ambawadi,office,rent,unit,remove,office rent listing,,₹60 / sq.ft,"4,815 sq.ft super built up",,1,ambawadi,shivalik-10-4815-office-rent-ambawadi
https://cityprop.co.in/property/abhishree-avenue-6831-office-rent-ambawadi/,"6,831 sq.ft Office · Abhishree Avenue, Ambawadi",Ambawadi,office,rent,unit,remove,office rent listing,,₹55 / sq.ft,"6,831 sq.ft",,0,ambawadi,abhishree-avenue-6831-office-rent-ambawadi
https://cityprop.co.in/property/officein-nehrunagar-office-rent-ambawadi/,"9,430 sq.ft Office · Officein Nehrunagar, Ambawadi",Ambawadi,office,rent,unit,remove,office rent listing,,Price on request,"9,430 sq.ft",,0,ambawadi,officein-nehrunagar-office-rent-ambawadi
https://cityprop.co.in/property/ashwamegh-elegance-2-office-sale-ambawadi/,"905 sq.ft Office for Sale · Ashwamegh Elegance 2, Ambawadi",Ambawadi,office,sale,unit,remove,office sale listing,,₹73 L,905 sq.ft,,3,ambawadi,ashwamegh-elegance-2-office-sale-ambawadi
https://cityprop.co.in/property/colonnade-1055-office-rent-ambli/,"1,055 sq.ft super built up Office · Colonnade, Ambli",Ambli,office,rent,unit,remove,office rent listing,,₹35 / sq.ft,"1,055 sq.ft super built up",,4,ambli,colonnade-1055-office-rent-ambli
https://cityprop.co.in/property/sankalp-iconic-tower-office-sale-ambli/,"1,296 sq.ft Office for Sale · Sankalp Iconic Tower, Ambli",Ambli,office,sale,unit,remove,office sale listing,,₹1.35 Cr,"1,296 sq.ft",,5,ambli,sankalp-iconic-tower-office-sale-ambli
https://cityprop.co.in/property/sankalp-iconic-tower-office-rent-ambli/,"1,296 sq.ft Office · Sankalp Iconic Tower, Ambli",Ambli,office,rent,unit,remove,office rent listing,,₹75 / sq.ft,"1,296 sq.ft",,5,ambli,sankalp-iconic-tower-office-rent-ambli
https://cityprop.co.in/property/colonnade-1872-office-sale-ambli/,"1,872 sq.ft Office for Sale · Colonnade, Ambli",Ambli,office,sale,unit,remove,office sale listing,,₹1.42 Cr,"1,872 sq.ft",,4,ambli,colonnade-1872-office-sale-ambli
https://cityprop.co.in/property/colonnade-1872-office-rent-ambli/,"1,872 sq.ft super built up Office · Colonnade, Ambli",Ambli,office,rent,unit,remove,office rent listing,,₹35 / sq.ft,"1,872 sq.ft super built up",,4,ambli,colonnade-1872-office-rent-ambli
https://cityprop.co.in/property/corporate-building-iscon-ambli-10000-office-rent-ambli/,"10,000 sq.ft Office · Corporate Building (Iscon Ambli), Ambli",Ambli,office,rent,unit,remove,office rent listing,,₹48 / sq.ft,"10,000 sq.ft",,0,ambli,corporate-building-iscon-ambli-10000-office-rent-ambli
https://cityprop.co.in/property/navratna-corporate-park-10000-office-rent-ambli/,"10,000 sq.ft Office · Navratna Corporate Park, Ambli",Ambli,office,rent,unit,remove,office rent listing,,₹70 / sq.ft,"10,000 sq.ft",,3,ambli,navratna-corporate-park-10000-office-rent-ambli
https://cityprop.co.in/property/million-minds-office-ambli/,"10,000 to 41,000 sq.ft Office · Million Minds, Ambli",Ambli,office,rent,unit,remove,office rent listing,,₹160 / sq.ft,"10,000 to 41,000 sq.ft",,0,ambli,million-minds-office-ambli
https://cityprop.co.in/property/corporate-house-office-ambli/,"12,500 sq.ft Office · Corporate House, Ambli",Ambli,office,rent,unit,remove,office rent listing,,₹60 / sq.ft,"12,500 sq.ft",,0,ambli,corporate-house-office-ambli
https://cityprop.co.in/property/corporate-building-iscon-ambli-15000-office-rent-ambli/,"15,000 sq.ft super built up Office · Corporate Building (Iscon Ambli), Ambli",Ambli,office,rent,unit,remove,office rent listing,,₹48 / sq.ft,"15,000 sq.ft super built up",,0,ambli,corporate-building-iscon-ambli-15000-office-rent-ambli
https://cityprop.co.in/property/corporate-building-iscon-ambli-office-rent-ambli/,"18,000 sq.ft super built up Office · Corporate Building, Ambli",Ambli,office,rent,unit,remove,office rent listing,,₹55 / sq.ft,"18,000 sq.ft super built up",,0,ambli,corporate-building-iscon-ambli-office-rent-ambli
https://cityprop.co.in/property/binori-b-square-1-office-sale-ambli/,"2,100 sq.ft Office for Sale · Binori B Square 1, Ambli",Ambli,office,sale,unit,remove,office sale listing,,₹2.1 Cr,"2,100 sq.ft",,2,ambli,binori-b-square-1-office-sale-ambli
https://cityprop.co.in/property/binori-b-square-1-office-rent-ambli/,"2,100 sq.ft Office · Binori B Square 1, Ambli",Ambli,office,rent,unit,remove,office rent listing,,₹65 / sq.ft,"2,100 sq.ft",,2,ambli,binori-b-square-1-office-rent-ambli
https://cityprop.co.in/property/corporate-building-20000-office-rent-ambli/,"20,000 sq.ft Office · Corporate Building, Ambli",Ambli,office,rent,unit,remove,office rent listing,,₹50 / sq.ft,"20,000 sq.ft",,0,ambli,corporate-building-20000-office-rent-ambli
https://cityprop.co.in/property/corporate-building-21500-office-rent-ambli/,"21,500 sq.ft Office · Corporate Building, Ambli",Ambli,office,rent,unit,remove,office rent listing,,₹55 / sq.ft,"21,500 sq.ft",,0,ambli,corporate-building-21500-office-rent-ambli
https://cityprop.co.in/property/corporate-building-23000-office-rent-ambli/,"23,000 sq.ft Office · Corporate Building, Ambli",Ambli,office,rent,unit,remove,office rent listing,,₹55 / sq.ft,"23,000 sq.ft",,0,ambli,corporate-building-23000-office-rent-ambli
https://cityprop.co.in/property/colonnade-3508-office-sale-ambli/,"3,508 sq.ft Office for Sale · Colonnade, Ambli",Ambli,office,sale,unit,remove,office sale listing,,₹2.67 Cr,"3,508 sq.ft",,4,ambli,colonnade-3508-office-sale-ambli
https://cityprop.co.in/property/corporate-building-iscon-ambli-30000-office-rent-ambli/,"30,000 sq.ft Office · Corporate Building (Iscon Ambli), Ambli",Ambli,office,rent,unit,remove,office rent listing,,₹48 / sq.ft,"30,000 sq.ft",,0,ambli,corporate-building-iscon-ambli-30000-office-rent-ambli
https://cityprop.co.in/property/east-face-office-rent-ambli/,"4,000 sq.ft Office · East Face, Ambli",Ambli,office,rent,unit,remove,office rent listing,,₹35 / sq.ft,"4,000 sq.ft",,0,ambli,east-face-office-rent-ambli
https://cityprop.co.in/property/one-world-west-office-sale-ambli/,"4,010 sq.ft Office for Sale · One World West, Ambli",Ambli,office,sale,unit,remove,office sale listing,,₹4.21 Cr,"4,010 sq.ft",,12,ambli,one-world-west-office-sale-ambli
https://cityprop.co.in/property/one-world-west-office-rent-ambli/,"4,010 sq.ft Office · One World West, Ambli",Ambli,office,rent,unit,remove,office rent listing,,₹50 / sq.ft,"4,010 sq.ft",,12,ambli,one-world-west-office-rent-ambli
https://cityprop.co.in/property/navratna-corporate-park-office-ambli/,"4,450 sq.ft carpet Office · Navratna Corporate Park, Ambli",Ambli,office,rent,unit,remove,office rent listing,,₹170 / sq.ft,"4,450 sq.ft carpet",,3,ambli,navratna-corporate-park-office-ambli
https://cityprop.co.in/property/colonnade-4563-office-rent-ambli/,"4,563 sq.ft super built up Office · Colonnade, Ambli",Ambli,office,rent,unit,remove,office rent listing,,₹35 / sq.ft,"4,563 sq.ft super built up",,4,ambli,colonnade-4563-office-rent-ambli
https://cityprop.co.in/property/navratna-corporate-park-660-office-sale-ambli/,"660 sq.ft Office for Sale · Navratna Corporate Park, Ambli",Ambli,office,sale,unit,remove,office sale listing,,₹1.6 Cr,660 sq.ft,,3,ambli,navratna-corporate-park-660-office-sale-ambli
https://cityprop.co.in/property/navratna-corporate-park-7800-office-ambli/,"7,800 sq.ft Office · Navratna Corporate Park, Ambli",Ambli,office,rent,unit,remove,office rent listing,,₹75 / sq.ft,"7,800 sq.ft",,3,ambli,navratna-corporate-park-7800-office-ambli
https://cityprop.co.in/property/one-world-west-705-office-rent-ambli/,"705 sq.ft Office · One World West, Ambli",Ambli,office,rent,unit,remove,office rent listing,,Price on request,705 sq.ft,,0,ambli,one-world-west-705-office-rent-ambli
https://cityprop.co.in/property/gallops-mall-office-sale-ambli/,"8,400 sq.ft Office for Sale · Gallops Mall, Ambli",Ambli,office,sale,unit,remove,office sale listing,,₹7.56 Cr,"8,400 sq.ft",,0,ambli,gallops-mall-office-sale-ambli
https://cityprop.co.in/property/shivam-trade-centre-office-rent-ambli/,"824 sq.ft Office · Shivam Trade Centre, Ambli",Ambli,office,rent,unit,remove,office rent listing,,₹50 / sq.ft,824 sq.ft,,0,ambli,shivam-trade-centre-office-rent-ambli
https://cityprop.co.in/property/regency-plaza-office-rent-anand-nagar/,"2,045 sq.ft Office · Regency Plaza, Anand Nagar",Anand Nagar,office,rent,unit,remove,office rent listing,,"₹85,000","2,045 sq.ft",,0,anandnagar,regency-plaza-office-rent-anand-nagar
https://cityprop.co.in/property/altimus-1000-office-rent-ashram-road/,"1,000 sq.ft Office · Altimus, Ashram Road",Ashram Road,office,rent,unit,remove,office rent listing,,₹45 / sq.ft,"1,000 sq.ft",,2,ashram-road,altimus-1000-office-rent-ashram-road
https://cityprop.co.in/property/altimus-1041-office-rent-ashram-road/,"1,041 sq.ft Office · Altimus, Ashram Road",Ashram Road,office,rent,unit,remove,office rent listing,,"₹30,000","1,041 sq.ft",,0,ashram-road,altimus-1041-office-rent-ashram-road
https://cityprop.co.in/property/corporate-building-12500-office-rent-ashram-road/,"12,500 sq.ft Office · Corporate Building, Ashram Road",Ashram Road,office,rent,unit,remove,office rent listing,,₹50 / sq.ft,"12,500 sq.ft",,0,ashram-road,corporate-building-12500-office-rent-ashram-road
https://cityprop.co.in/property/altimus-2000-office-rent-ashram-road/,"2,000 sq.ft Office · Altimus, Ashram Road",Ashram Road,office,rent,unit,remove,office rent listing,,₹45 / sq.ft,"2,000 sq.ft",,2,ashram-road,altimus-2000-office-rent-ashram-road
https://cityprop.co.in/property/altimus-2800-office-rent-ashram-road/,"2,800 sq.ft Office · Altimus, Ashram Road",Ashram Road,office,rent,unit,remove,office rent listing,,₹45 / sq.ft,"2,800 sq.ft",,2,ashram-road,altimus-2800-office-rent-ashram-road
https://cityprop.co.in/property/corporate-building-25000-office-rent-ashram-road/,"25,000 sq.ft Office · Corporate Building, Ashram Road",Ashram Road,office,rent,unit,remove,office rent listing,,₹50 / sq.ft,"25,000 sq.ft",,0,ashram-road,corporate-building-25000-office-rent-ashram-road
https://cityprop.co.in/property/ratna-business-square-office-sale-ashram-road/,"3,033 sq.ft super built up Office for Sale · Ratna Business Square, Ashram Road",Ashram Road,office,sale,unit,remove,office sale listing,,₹2.73 Cr,"3,033 sq.ft super built up",,2,ashram-road,ratna-business-square-office-sale-ashram-road
https://cityprop.co.in/property/altimus-9000-office-rent-ashram-road/,"9,000 sq.ft Office · Altimus, Ashram Road",Ashram Road,office,rent,unit,remove,office rent listing,,₹45 / sq.ft,"9,000 sq.ft",,2,ashram-road,altimus-9000-office-rent-ashram-road
https://cityprop.co.in/property/shivalik-business-park-office-sale-bodakdev/,"1,265 sq.ft Office for Sale · Shivalik Business Park, Bodakdev",Bodakdev,office,sale,unit,remove,office sale listing,,₹1.52 Cr,"1,265 sq.ft",,2,bodakdev,shivalik-business-park-office-sale-bodakdev
https://cityprop.co.in/property/binori-b-square-3-office-sale-bodakdev/,"1,350 sq.ft super built up Office for Sale · Binori B Square 3, Bodakdev",Bodakdev,office,sale,unit,remove,office sale listing,,₹1.07 Cr,"1,350 sq.ft super built up",,3,bodakdev,binori-b-square-3-office-sale-bodakdev
https://cityprop.co.in/property/aaron-spectra-office-sale-bodakdev/,"1,450 sq.ft Office for Sale · Aaron Spectra, Bodakdev",Bodakdev,office,sale,unit,remove,office sale listing,,₹1.59 Cr,"1,450 sq.ft",,4,bodakdev,aaron-spectra-office-sale-bodakdev
https://cityprop.co.in/property/stellar-1456-office-rent-bodakdev/,"1,457 sq.ft Office · Stellar, Bodakdev",Bodakdev,office,rent,unit,remove,office rent listing,,₹65 / sq.ft,"1,457 sq.ft",,0,bodakdev,stellar-1456-office-rent-bodakdev
https://cityprop.co.in/property/k-158-office-sale-bodakdev/,"1,650 sq.ft Office for Sale · K 158, Bodakdev",Bodakdev,office,sale,unit,remove,office sale listing,,₹1.9 Cr,"1,650 sq.ft",,3,bodakdev,k-158-office-sale-bodakdev
https://cityprop.co.in/property/sankalp-3b-office-sale-bodakdev/,"1,673 sq.ft Office for Sale · Sankalp 3B, Bodakdev",Bodakdev,office,sale,unit,remove,office sale listing,,₹1.84 Cr,"1,673 sq.ft",,0,bodakdev,sankalp-3b-office-sale-bodakdev
https://cityprop.co.in/property/9th-avenue-office-rent-bodakdev/,"10,000 sq.ft Office · 9th Avenue, Bodakdev",Bodakdev,office,rent,unit,remove,office rent listing,,₹60 / sq.ft,"10,000 sq.ft",,1,bodakdev,9th-avenue-office-rent-bodakdev
https://cityprop.co.in/property/salister-11000-office-rent-bodakdev/,"11,000 sq.ft super built up Office · Salister, Bodakdev",Bodakdev,office,rent,unit,remove,office rent listing,,₹50 / sq.ft,"11,000 sq.ft super built up",,0,bodakdev,salister-11000-office-rent-bodakdev
https://cityprop.co.in/property/pv-enclave-office-sale-bodakdev/,"11,236 sq.ft Office for Sale · PV Enclave, Bodakdev",Bodakdev,office,sale,unit,remove,office sale listing,,₹10.5 Cr,"11,236 sq.ft",,3,bodakdev,pv-enclave-office-sale-bodakdev
https://cityprop.co.in/property/pv-enclave-office-rent-bodakdev/,"11,236 sq.ft Office · PV Enclave, Bodakdev",Bodakdev,office,rent,unit,remove,office rent listing,,₹70 / sq.ft,"11,236 sq.ft",,3,bodakdev,pv-enclave-office-rent-bodakdev
https://cityprop.co.in/property/sankalp-square-3-office-bodakdev/,"12,800 sq.ft Office for Sale · Sankalp Square 3, Bodakdev",Bodakdev,office,sale,unit,remove,office sale listing,,₹16 Cr,"12,800 sq.ft",,0,bodakdev,sankalp-square-3-office-bodakdev
https://cityprop.co.in/property/neptun-house-office-rent-bodakdev/,"12,860 sq.ft Office · Neptun House, Bodakdev",Bodakdev,office,rent,unit,remove,office rent listing,,₹65 / sq.ft,"12,860 sq.ft",,4,bodakdev,neptun-house-office-rent-bodakdev
https://cityprop.co.in/property/shilp-corporate-park-office-rent-bodakdev/,"2,345 sq.ft Office · Shilp Corporate Park, Bodakdev",Bodakdev,office,rent,unit,remove,office rent listing,,₹65 / sq.ft,"2,345 sq.ft",,0,bodakdev,shilp-corporate-park-office-rent-bodakdev
https://cityprop.co.in/property/times-square-grand-2425-office-rent-bodakdev/,"2,425 sq.ft Office · Times Square Grand, Bodakdev",Bodakdev,office,rent,unit,remove,office rent listing,,₹45 / sq.ft,"2,425 sq.ft",,0,bodakdev,times-square-grand-2425-office-rent-bodakdev
https://cityprop.co.in/property/sankalp-square-3a-2529-office-sale-bodakdev/,"2,529 sq.ft Office for Sale · Sankalp Square 3A, Bodakdev",Bodakdev,office,sale,unit,remove,office sale listing,,₹2.28 Cr,"2,529 sq.ft",,5,bodakdev,sankalp-square-3a-2529-office-sale-bodakdev
https://cityprop.co.in/property/sankalp-square-3a-2529-office-rent-bodakdev/,"2,529 sq.ft Office · Sankalp Square 3A, Bodakdev",Bodakdev,office,rent,unit,remove,office rent listing,,₹45 / sq.ft,"2,529 sq.ft",,5,bodakdev,sankalp-square-3a-2529-office-rent-bodakdev
https://cityprop.co.in/property/pv-enclave-2756-office-sale-bodakdev/,"2,756 sq.ft Office for Sale · PV Enclave, Bodakdev",Bodakdev,office,sale,unit,remove,office sale listing,,₹2.51 Cr,"2,756 sq.ft",,1,bodakdev,pv-enclave-2756-office-sale-bodakdev
https://cityprop.co.in/property/platinum-plaza-2942-office-sale-bodakdev/,"2,942 sq.ft Office for Sale · Platinum Plaza, Bodakdev",Bodakdev,office,sale,unit,remove,office sale listing,,₹2.06 Cr,"2,942 sq.ft",,0,bodakdev,platinum-plaza-2942-office-sale-bodakdev
https://cityprop.co.in/property/salister-4500-office-rent-bodakdev/,"4,500 sq.ft Office · Salister, Bodakdev",Bodakdev,office,rent,unit,remove,office rent listing,,₹50 / sq.ft,"4,500 sq.ft",,0,bodakdev,salister-4500-office-rent-bodakdev
https://cityprop.co.in/property/sankalp-square-3a-office-rent-bodakdev/,"4,907 sq.ft Office · Sankalp Square 3A, Bodakdev",Bodakdev,office,rent,unit,remove,office rent listing,,₹70 / sq.ft,"4,907 sq.ft",,5,bodakdev,sankalp-square-3a-office-rent-bodakdev
https://cityprop.co.in/property/sankalp-square-3a-office-sale-bodakdev/,"4,907 sq.ft super built up Office for Sale · Sankalp Square 3A, Bodakdev",Bodakdev,office,sale,unit,remove,office sale listing,,₹5.64 Cr,"4,907 sq.ft super built up",,5,bodakdev,sankalp-square-3a-office-sale-bodakdev
https://cityprop.co.in/property/maruti-vertex-office-sale-bodakdev/,"5,000 sq.ft Office for Sale · Maruti Vertex, Bodakdev",Bodakdev,office,sale,unit,remove,office sale listing,,₹7 Cr,"5,000 sq.ft",,7,bodakdev,maruti-vertex-office-sale-bodakdev
https://cityprop.co.in/property/binori-b-square-3-office-rent-bodakdev/,"5,000 sq.ft Office · Binori B Square 3, Bodakdev",Bodakdev,office,rent,unit,remove,office rent listing,,₹45 / sq.ft,"5,000 sq.ft",,3,bodakdev,binori-b-square-3-office-rent-bodakdev
https://cityprop.co.in/property/avdhesh-house-6000-office-rent-bodakdev/,"6,000 sq.ft Office · Avdhesh House, Bodakdev",Bodakdev,office,rent,unit,remove,office rent listing,,₹45 / sq.ft,"6,000 sq.ft",,0,bodakdev,avdhesh-house-6000-office-rent-bodakdev
https://cityprop.co.in/property/sankalp-square-3b-6250-office-rent-bodakdev/,"6,250 sq.ft Office · Sankalp Square 3B, Bodakdev",Bodakdev,office,rent,unit,remove,office rent listing,,"₹281,250","6,250 sq.ft",,2,bodakdev,sankalp-square-3b-6250-office-rent-bodakdev
https://cityprop.co.in/property/platinum-plaza-804-office-sale-bodakdev/,"804 sq.ft Office for Sale · Platinum Plaza, Bodakdev",Bodakdev,office,sale,unit,remove,office sale listing,,₹56 L,804 sq.ft,,0,bodakdev,platinum-plaza-804-office-sale-bodakdev
https://cityprop.co.in/property/shilp-epitome-office-rent-bodakdev/,"822 sq.ft Office · Shilp Epitome, Bodakdev",Bodakdev,office,rent,unit,remove,office rent listing,,"₹41,500",822 sq.ft,,0,bodakdev,shilp-epitome-office-rent-bodakdev
https://cityprop.co.in/property/avdhesh-house-office-rent-bodakdev/,"9,650 sq.ft Office · Avdhesh House, Bodakdev",Bodakdev,office,rent,unit,remove,office rent listing,,₹50 / sq.ft,"9,650 sq.ft",,1,bodakdev,avdhesh-house-office-rent-bodakdev
https://cityprop.co.in/property/arista-8-office-rent-bodakdev/,"9,800 sq.ft Office · Arista 8, Bodakdev",Bodakdev,office,rent,unit,remove,office rent listing,,₹68 / sq.ft,"9,800 sq.ft",,2,bodakdev,arista-8-office-rent-bodakdev
https://cityprop.co.in/property/corporate-house-sbr-office-rent-bodakdev/,"9,800 sq.ft super built up Office · Corporate House, Bodakdev",Bodakdev,office,rent,unit,remove,office rent listing,,₹68 / sq.ft,"9,800 sq.ft super built up",,1,bodakdev,corporate-house-sbr-office-rent-bodakdev
https://cityprop.co.in/property/sankalp-square-3b-982-office-rent-bodakdev/,"982 sq.ft Office · Sankalp Square 3B, Bodakdev",Bodakdev,office,rent,unit,remove,office rent listing,,₹42 / sq.ft,982 sq.ft,,2,bodakdev,sankalp-square-3b-982-office-rent-bodakdev
https://cityprop.co.in/property/anam-3-office-sale-bopal/,"1,200 sq.ft Office for Sale · Anam 3, Bopal",Bopal,office,sale,unit,remove,office sale listing,,₹0.78 Cr,"1,200 sq.ft",,7,bopal,anam-3-office-sale-bopal
https://cityprop.co.in/property/anam-4-office-sale-bopal/,"3,000 sq.ft Office for Sale · Anam 4, Bopal",Bopal,office,sale,unit,remove,office sale listing,,₹1.95 Cr,"3,000 sq.ft",,7,bopal,anam-4-office-sale-bopal
https://cityprop.co.in/property/shaligram-arcade-office-sale-bopal/,"4,742 sq.ft Office for Sale · Shaligram Arcade, Bopal",Bopal,office,sale,unit,remove,office sale listing,,₹2.85 Cr,"4,742 sq.ft",,0,bopal,shaligram-arcade-office-sale-bopal
https://cityprop.co.in/property/shaligram-arcade-office-rent-bopal/,"4,742 sq.ft Office · Shaligram Arcade, Bopal",Bopal,office,rent,unit,remove,office rent listing,,₹35 / sq.ft,"4,742 sq.ft",,0,bopal,shaligram-arcade-office-rent-bopal
https://cityprop.co.in/property/anam-2-office-sale-bopal/,"5,000 sq.ft Office for Sale · Anam 2, Bopal",Bopal,office,sale,unit,remove,office sale listing,,₹3.25 Cr,"5,000 sq.ft",,7,bopal,anam-2-office-sale-bopal
https://cityprop.co.in/property/anam-5-office-sale-bopal/,"8,000 sq.ft Office for Sale · Anam 5, Bopal",Bopal,office,sale,unit,remove,office sale listing,,₹5.2 Cr,"8,000 sq.ft",,7,bopal,anam-5-office-sale-bopal
https://cityprop.co.in/property/the-orion-office-rent-charodi/,"3,317 sq.ft Office · The Orion, Charodi",Charodi,office,rent,unit,remove,office rent listing,,₹40 / sq.ft,"3,317 sq.ft",,0,charodi,the-orion-office-rent-charodi
https://cityprop.co.in/property/shilp-business-gateway-4268-office-sale-charodi/,"4,268 sq.ft Office for Sale · Shilp Business Gateway, Charodi",Charodi,office,sale,unit,remove,office sale listing,,₹3.54 Cr,"4,268 sq.ft",,4,charodi,shilp-business-gateway-4268-office-sale-charodi
https://cityprop.co.in/property/shilp-business-gateway-4268-office-rent-charodi/,"4,268 sq.ft Office · Shilp Business Gateway, Charodi",Charodi,office,rent,unit,remove,office rent listing,,"₹170,000","4,268 sq.ft",,4,charodi,shilp-business-gateway-4268-office-rent-charodi
https://cityprop.co.in/property/shilp-business-gateway-5085-office-sale-charodi/,"5,085 sq.ft super built up Office for Sale · Shilp Business Gateway, Charodi",Charodi,office,sale,unit,remove,office sale listing,,₹3.31 Cr,"5,085 sq.ft super built up",,4,charodi,shilp-business-gateway-5085-office-sale-charodi
https://cityprop.co.in/property/sakar-two-office-rent-ellis-bridge/,"11,000 sq.ft super built up Office · Sakar Two, Ellis Bridge",Ellis Bridge,office,rent,unit,remove,office rent listing,,₹50 / sq.ft,"11,000 sq.ft super built up",,2,ellisbridge,sakar-two-office-rent-ellis-bridge
https://cityprop.co.in/property/sheth-corporate-tower-office-rent-ellis-bridge/,"2,222 sq.ft super built up Office · Sheth Corporate Tower, Ellis Bridge",Ellis Bridge,office,rent,unit,remove,office rent listing,,₹55 / sq.ft,"2,222 sq.ft super built up",,0,ellisbridge,sheth-corporate-tower-office-rent-ellis-bridge
https://cityprop.co.in/property/option-5-sheth-corporate-park-office-rent-ellis-bridge/,"3,000 sq.ft Office · Option 5, Sheth Corporate Park, Ellis Bridge",Ellis Bridge,office,rent,unit,remove,office rent listing,,₹65 / sq.ft,"3,000 sq.ft",,0,ellisbridge,option-5-sheth-corporate-park-office-rent-ellis-bridge
https://cityprop.co.in/property/capstone-office-rent-ellis-bridge/,"4,767 sq.ft Office · Capstone, Ellis Bridge",Ellis Bridge,office,rent,unit,remove,office rent listing,,₹65 / sq.ft,"4,767 sq.ft",,0,ellisbridge,capstone-office-rent-ellis-bridge
https://cityprop.co.in/property/sheth-corporate-park-9500-office-sale-ellis-bridge/,"9,500 sq.ft Office for Sale · Sheth Corporate Park, Ellis Bridge",Ellis Bridge,office,sale,unit,remove,office sale listing,,₹9.5 Cr,"9,500 sq.ft",,5,ellisbridge,sheth-corporate-park-9500-office-sale-ellis-bridge
https://cityprop.co.in/property/sheth-corporate-park-9500-office-rent-ellis-bridge/,"9,500 sq.ft Office · Sheth Corporate Park, Ellis Bridge",Ellis Bridge,office,rent,unit,remove,office rent listing,,₹60 / sq.ft,"9,500 sq.ft",,5,ellisbridge,sheth-corporate-park-9500-office-rent-ellis-bridge
https://cityprop.co.in/property/world-trade-center-office-rent-gift-city/,"1,540 sq.ft Office · World Trade Center, GIFT City",GIFT City,office,rent,unit,remove,office rent listing,,₹45 / sq.ft,"1,540 sq.ft",,0,gift-city,world-trade-center-office-rent-gift-city
https://cityprop.co.in/property/nobles-trade-centre-office-rent-ghatlodia/,"1,075 sq.ft super built up Office · Nobles Trade Centre, Ghatlodia",Ghatlodia,office,rent,unit,remove,office rent listing,,₹50 / sq.ft,"1,075 sq.ft super built up",,0,ghatlodia,nobles-trade-centre-office-rent-ghatlodia
https://cityprop.co.in/property/solaris-business-hub-1800-office-sale-ghatlodia/,"1,800 sq.ft Office for Sale · Solaris Business Hub, Ghatlodia",Ghatlodia,office,sale,unit,remove,office sale listing,,₹1.26 Cr,"1,800 sq.ft",,3,ghatlodia,solaris-business-hub-1800-office-sale-ghatlodia
https://cityprop.co.in/property/solaris-business-hub-1800-office-rent-ghatlodia/,"1,800 sq.ft Office · Solaris Business Hub, Ghatlodia",Ghatlodia,office,rent,unit,remove,office rent listing,,₹35 / sq.ft,"1,800 sq.ft",,3,ghatlodia,solaris-business-hub-1800-office-rent-ghatlodia
https://cityprop.co.in/property/solaris-business-hub-2000-office-rent-ghatlodia/,"2,000 sq.ft Office · Solaris Business Hub, Ghatlodia",Ghatlodia,office,rent,unit,remove,office rent listing,,₹35 / sq.ft,"2,000 sq.ft",,3,ghatlodia,solaris-business-hub-2000-office-rent-ghatlodia
https://cityprop.co.in/property/solaris-business-hub-2080-office-sale-ghatlodia/,"2,080 sq.ft Office for Sale · Solaris Business Hub, Ghatlodia",Ghatlodia,office,sale,unit,remove,office sale listing,,₹1.46 Cr,"2,080 sq.ft",,3,ghatlodia,solaris-business-hub-2080-office-sale-ghatlodia
https://cityprop.co.in/property/solaris-business-hub-2080-office-rent-ghatlodia/,"2,080 sq.ft Office · Solaris Business Hub, Ghatlodia",Ghatlodia,office,rent,unit,remove,office rent listing,,₹35 / sq.ft,"2,080 sq.ft",,3,ghatlodia,solaris-business-hub-2080-office-rent-ghatlodia
https://cityprop.co.in/property/solaris-business-hub-3880-office-sale-ghatlodia/,"3,880 sq.ft Office for Sale · Solaris Business Hub, Ghatlodia",Ghatlodia,office,sale,unit,remove,office sale listing,,₹2.72 Cr,"3,880 sq.ft",,3,ghatlodia,solaris-business-hub-3880-office-sale-ghatlodia
https://cityprop.co.in/property/solaris-business-hub-3880-office-rent-ghatlodia/,"3,880 sq.ft Office · Solaris Business Hub, Ghatlodia",Ghatlodia,office,rent,unit,remove,office rent listing,,₹35 / sq.ft,"3,880 sq.ft",,3,ghatlodia,solaris-business-hub-3880-office-rent-ghatlodia
https://cityprop.co.in/property/solaris-business-hub-office-rent-ghatlodia/,"8,000 sq.ft Office · Solaris Business Hub, Ghatlodia",Ghatlodia,office,rent,unit,remove,office rent listing,,₹35 / sq.ft,"8,000 sq.ft",,3,ghatlodia,solaris-business-hub-office-rent-ghatlodia
https://cityprop.co.in/property/pushti-height-office-rent-gurukul/,"1,136 sq.ft Office · Pushti Height, Gurukul",Gurukul,office,rent,unit,remove,office rent listing,,"₹55,000","1,136 sq.ft",,0,gurukul,pushti-height-office-rent-gurukul
https://cityprop.co.in/property/venue-amedius-office-sale-jodhpur/,"1,107 sq.ft Office for Sale · Venue Amedius, Jodhpur",Jodhpur,office,sale,unit,remove,office sale listing,,₹1 Cr,"1,107 sq.ft",,2,jodhpur,venue-amedius-office-sale-jodhpur
https://cityprop.co.in/property/ratnanjali-square-office-rent-jodhpur/,"1,623 sq.ft Office · Ratnanjali Square, Jodhpur",Jodhpur,office,rent,unit,remove,office rent listing,,₹90 / sq.ft,"1,623 sq.ft",,0,jodhpur,ratnanjali-square-office-rent-jodhpur
https://cityprop.co.in/property/iscon-mall-office-sale-jodhpur/,"1,875 sq.ft Office for Sale · Iscon Mall, Jodhpur",Jodhpur,office,sale,unit,remove,office sale listing,,₹1.22 Cr,"1,875 sq.ft",,1,jodhpur,iscon-mall-office-sale-jodhpur
https://cityprop.co.in/property/iscon-mall-office-rent-jodhpur/,"1,875 sq.ft Office · Iscon Mall, Jodhpur",Jodhpur,office,rent,unit,remove,office rent listing,,₹55 / sq.ft,"1,875 sq.ft",,1,jodhpur,iscon-mall-office-rent-jodhpur
https://cityprop.co.in/property/iscon-mall-6500-office-sale-jodhpur/,"6,500 sq.ft super built up Office for Sale · Iscon Mall, Jodhpur",Jodhpur,office,sale,unit,remove,office sale listing,,₹6.17 Cr,"6,500 sq.ft super built up",,1,jodhpur,iscon-mall-6500-office-sale-jodhpur
https://cityprop.co.in/property/solitaire-corporate-park-office-rent-makarba/,"1,000 sq.ft Office · Solitaire Corporate Park, Makarba",Makarba,office,rent,unit,remove,office rent listing,,₹42 / sq.ft,"1,000 sq.ft",,3,makarba,solitaire-corporate-park-office-rent-makarba
https://cityprop.co.in/property/solitaire-corporate-park-office-sale-makarba/,"1,037 sq.ft Office for Sale · Solitaire Corporate Park, Makarba",Makarba,office,sale,unit,remove,office sale listing,,₹73 L,"1,037 sq.ft",,3,makarba,solitaire-corporate-park-office-sale-makarba
https://cityprop.co.in/property/aashirwad-paras-1-office-rent-makarba/,"1,260 sq.ft Office · Aashirwad Paras 1, Makarba",Makarba,office,rent,unit,remove,office rent listing,,"₹60,000","1,260 sq.ft",,0,makarba,aashirwad-paras-1-office-rent-makarba
https://cityprop.co.in/property/indraprasth-corporate-park-office-sale-makarba/,"1,575 sq.ft Office for Sale · Indraprasth Corporate Park, Makarba",Makarba,office,sale,unit,remove,office sale listing,,₹1.34 Cr,"1,575 sq.ft",,3,makarba,indraprasth-corporate-park-office-sale-makarba
https://cityprop.co.in/property/westgate-1-office-rent-makarba/,"1,890 sq.ft Office · Westgate 1, Makarba",Makarba,office,rent,unit,remove,office rent listing,,₹65 / sq.ft,"1,890 sq.ft",,0,makarba,westgate-1-office-rent-makarba
https://cityprop.co.in/property/westgate-business-bay-office-rent-makarba/,"12,500 sq.ft Office · Westgate Business Bay, Makarba",Makarba,office,rent,unit,remove,office rent listing,,₹68 / sq.ft,"12,500 sq.ft",,0,makarba,westgate-business-bay-office-rent-makarba
https://cityprop.co.in/property/titanium-business-park-office-rent-makarba/,"2,260 sq.ft super built up Office · Titanium Business Park, Makarba",Makarba,office,rent,unit,remove,office rent listing,,"₹150,000","2,260 sq.ft super built up",,0,makarba,titanium-business-park-office-rent-makarba
https://cityprop.co.in/property/brooklyn-tower-4747-office-sale-makarba/,"4,747 sq.ft Office for Sale · Brooklyn Tower, Makarba",Makarba,office,sale,unit,remove,office sale listing,,₹4.75 Cr,"4,747 sq.ft",,3,makarba,brooklyn-tower-4747-office-sale-makarba
https://cityprop.co.in/property/akshar-arcade-office-rent-memnagar/,"1,014 sq.ft Office · Akshar Arcade, Memnagar",Memnagar,office,rent,unit,remove,office rent listing,,₹40 / sq.ft,"1,014 sq.ft",,0,memnagar,akshar-arcade-office-rent-memnagar
https://cityprop.co.in/property/sankalp-square-drive-in-1326-office-sale-memnagar/,"1,326 sq.ft Office for Sale · Sankalp Square (Drive In Road), Memnagar",Memnagar,office,sale,unit,remove,office sale listing,,₹99 L,"1,326 sq.ft",,0,memnagar,sankalp-square-drive-in-1326-office-sale-memnagar
https://cityprop.co.in/property/sankalp-square-drive-in-1326-office-rent-memnagar/,"1,326 sq.ft Office · Sankalp Square (Drive In Road), Memnagar",Memnagar,office,rent,unit,remove,office rent listing,,₹38 / sq.ft,"1,326 sq.ft",,0,memnagar,sankalp-square-drive-in-1326-office-rent-memnagar
https://cityprop.co.in/property/aws-3-office-rent-memnagar/,"16,000 sq.ft Office · AWS 3, Memnagar",Memnagar,office,rent,unit,remove,office rent listing,,"₹960,000","16,000 sq.ft",,0,memnagar,aws-3-office-rent-memnagar
https://cityprop.co.in/property/shivalik-3-16650-office-rent-memnagar/,"16,650 sq.ft Office · Shivalik 3, Memnagar",Memnagar,office,rent,unit,remove,office rent listing,,₹30 / sq.ft,"16,650 sq.ft",,0,memnagar,shivalik-3-16650-office-rent-memnagar
https://cityprop.co.in/property/satya-one-2000-office-rent-memnagar/,"2,000 sq.ft Office · Satya One, Memnagar",Memnagar,office,rent,unit,remove,office rent listing,,₹35 / sq.ft,"2,000 sq.ft",,0,memnagar,satya-one-2000-office-rent-memnagar
https://cityprop.co.in/property/sankalp-square-office-2300-sale-memnagar/,"2,300 sq.ft Office for Sale · Sankalp Square, Memnagar",Memnagar,office,sale,unit,remove,office sale listing,,₹3.45 Cr,"2,300 sq.ft",,4,memnagar,sankalp-square-office-2300-sale-memnagar
https://cityprop.co.in/property/sankalp-square-office-2400-sale-memnagar/,"2,400 sq.ft Office for Sale · Sankalp Square, Memnagar",Memnagar,office,sale,unit,remove,office sale listing,,₹3.36 Cr,"2,400 sq.ft",,4,memnagar,sankalp-square-office-2400-sale-memnagar
https://cityprop.co.in/property/sankalp-square-office-3200-sale-memnagar/,"3,200 sq.ft Office for Sale · Sankalp Square, Memnagar",Memnagar,office,sale,unit,remove,office sale listing,,₹4.8 Cr,"3,200 sq.ft",,4,memnagar,sankalp-square-office-3200-sale-memnagar
https://cityprop.co.in/property/sankalp-square-office-3600-sale-memnagar/,"3,600 sq.ft Office for Sale · Sankalp Square, Memnagar",Memnagar,office,sale,unit,remove,office sale listing,,₹5.04 Cr,"3,600 sq.ft",,4,memnagar,sankalp-square-office-3600-sale-memnagar
https://cityprop.co.in/property/sankalp-square-drive-in-4200-office-sale-memnagar/,"4,200 sq.ft Office for Sale · Sankalp Square (Drive In Road), Memnagar",Memnagar,office,sale,unit,remove,office sale listing,,₹3.36 Cr,"4,200 sq.ft",,0,memnagar,sankalp-square-drive-in-4200-office-sale-memnagar
https://cityprop.co.in/property/sankalp-square-drive-in-4200-office-rent-memnagar/,"4,200 sq.ft Office · Sankalp Square (Drive In Road), Memnagar",Memnagar,office,rent,unit,remove,office rent listing,,₹45 / sq.ft,"4,200 sq.ft",,0,memnagar,sankalp-square-drive-in-4200-office-rent-memnagar
https://cityprop.co.in/property/sankalp-square-office-5500-sale-memnagar/,"5,500 sq.ft Office for Sale · Sankalp Square, Memnagar",Memnagar,office,sale,unit,remove,office sale listing,,₹8.25 Cr,"5,500 sq.ft",,4,memnagar,sankalp-square-office-5500-sale-memnagar
https://cityprop.co.in/property/sankalp-square-office-6000-sale-memnagar/,"6,000 sq.ft Office for Sale · Sankalp Square, Memnagar",Memnagar,office,sale,unit,remove,office sale listing,,₹8.4 Cr,"6,000 sq.ft",,4,memnagar,sankalp-square-office-6000-sale-memnagar
https://cityprop.co.in/property/gala-empire-office-rent-memnagar/,"650 sq.ft Office · Gala Empire, Memnagar",Memnagar,office,rent,unit,remove,office rent listing,,"₹35,000",650 sq.ft,,0,memnagar,gala-empire-office-rent-memnagar
https://cityprop.co.in/property/satya-one-office-rent-memnagar/,"7,144 sq.ft super built up Office · Satya One, Memnagar",Memnagar,office,rent,unit,remove,office rent listing,,₹60 / sq.ft,"7,144 sq.ft super built up",,7,memnagar,satya-one-office-rent-memnagar
https://cityprop.co.in/property/shivalik-3-8350-office-rent-memnagar/,"8,350 sq.ft Office · Shivalik 3, Memnagar",Memnagar,office,rent,unit,remove,office rent listing,,₹30 / sq.ft,"8,350 sq.ft",,0,memnagar,shivalik-3-8350-office-rent-memnagar
https://cityprop.co.in/property/kairos-office-rent-memnagar/,"860 sq.ft Office · Kairos, Memnagar",Memnagar,office,rent,unit,remove,office rent listing,,"₹40,000",860 sq.ft,,0,memnagar,kairos-office-rent-memnagar
https://cityprop.co.in/property/spectrum-office-rent-memnagar/,"921 sq.ft Office · Spectrum, Memnagar",Memnagar,office,rent,unit,remove,office rent listing,,"₹40,000",921 sq.ft,,0,memnagar,spectrum-office-rent-memnagar
https://cityprop.co.in/property/shails-mall-office-rent-navrangpura/,"1,313 sq.ft Office · Shail's Mall, Navrangpura",Navrangpura,office,rent,unit,remove,office rent listing,,"₹67,000","1,313 sq.ft",,0,navrangpura,shails-mall-office-rent-navrangpura
https://cityprop.co.in/property/the-link-office-sale-navrangpura/,"1,435 sq.ft Office for Sale · The Link, Navrangpura",Navrangpura,office,sale,unit,remove,office sale listing,,₹1.35 Cr,"1,435 sq.ft",,3,navrangpura,the-link-office-sale-navrangpura
https://cityprop.co.in/property/aarya-epoch-office-sale-navrangpura/,"1,473 sq.ft Office for Sale · Aarya Epoch, Navrangpura",Navrangpura,office,sale,unit,remove,office sale listing,,₹1.03 Cr,"1,473 sq.ft",,3,navrangpura,aarya-epoch-office-sale-navrangpura
https://cityprop.co.in/property/aarya-epoch-office-rent-navrangpura/,"1,473 sq.ft Office · Aarya Epoch, Navrangpura",Navrangpura,office,rent,unit,remove,office rent listing,,₹45 / sq.ft,"1,473 sq.ft",,3,navrangpura,aarya-epoch-office-rent-navrangpura
https://cityprop.co.in/property/maradia-plaza-office-rent-navrangpura/,"10,000 sq.ft Office · Maradia Plaza, Navrangpura",Navrangpura,office,rent,unit,remove,office rent listing,,₹40 / sq.ft,"10,000 sq.ft",,6,navrangpura,maradia-plaza-office-rent-navrangpura
https://cityprop.co.in/property/world-center-12000-office-rent-navrangpura/,"12,000 sq.ft Office · World Center, Navrangpura",Navrangpura,office,rent,unit,remove,office rent listing,,₹50 / sq.ft,"12,000 sq.ft",,0,navrangpura,world-center-12000-office-rent-navrangpura
https://cityprop.co.in/property/the-link-16000-office-rent-navrangpura/,"16,000 sq.ft Office · The Link, Navrangpura",Navrangpura,office,rent,unit,remove,office rent listing,,₹45 / sq.ft,"16,000 sq.ft",,3,navrangpura,the-link-16000-office-rent-navrangpura
https://cityprop.co.in/property/chandan-house-2300-office-rent-navrangpura/,"2,300 sq.ft Office · Chandan House, Navrangpura",Navrangpura,office,rent,unit,remove,office rent listing,,"₹138,000","2,300 sq.ft",,0,navrangpura,chandan-house-2300-office-rent-navrangpura
https://cityprop.co.in/property/ratnaraj-springs-2331-office-rent-navrangpura/,"2,331 sq.ft Office · Ratnaraj Springs, Navrangpura",Navrangpura,office,rent,unit,remove,office rent listing,,₹55 / sq.ft,"2,331 sq.ft",,0,navrangpura,ratnaraj-springs-2331-office-rent-navrangpura
https://cityprop.co.in/property/ratnaraj-springs-2600-office-rent-navrangpura/,"2,600 sq.ft Office · Ratnaraj Springs, Navrangpura",Navrangpura,office,rent,unit,remove,office rent listing,,₹55 / sq.ft,"2,600 sq.ft",,0,navrangpura,ratnaraj-springs-2600-office-rent-navrangpura
https://cityprop.co.in/property/kalapunam-building-office-rent-navrangpura/,"2,632 sq.ft Office · Kalapunam Building, Navrangpura",Navrangpura,office,rent,unit,remove,office rent listing,,₹50 / sq.ft,"2,632 sq.ft",,0,navrangpura,kalapunam-building-office-rent-navrangpura
https://cityprop.co.in/property/world-center-2791-office-rent-navrangpura/,"2,791 sq.ft Office · World Center, Navrangpura",Navrangpura,office,rent,unit,remove,office rent listing,,₹50 / sq.ft,"2,791 sq.ft",,0,navrangpura,world-center-2791-office-rent-navrangpura
https://cityprop.co.in/property/world-center-25000-office-rent-navrangpura/,"25,000 sq.ft Office · World Center, Navrangpura",Navrangpura,office,rent,unit,remove,office rent listing,,₹50 / sq.ft,"25,000 sq.ft",,0,navrangpura,world-center-25000-office-rent-navrangpura
https://cityprop.co.in/property/campus-corner-office-sale-navrangpura/,"3,000 sq.ft Office for Sale · Campus Corner, Navrangpura",Navrangpura,office,sale,unit,remove,office sale listing,,₹2.4 Cr,"3,000 sq.ft",,2,navrangpura,campus-corner-office-sale-navrangpura
https://cityprop.co.in/property/swapnil-5-office-rent-navrangpura/,"3,645 sq.ft Office · Swapnil 5, Navrangpura",Navrangpura,office,rent,unit,remove,office rent listing,,₹45 / sq.ft,"3,645 sq.ft",,4,navrangpura,swapnil-5-office-rent-navrangpura
https://cityprop.co.in/property/iscon-arcade-office-sale-navrangpura/,"4,400 sq.ft Office for Sale · Iscon Arcade, Navrangpura",Navrangpura,office,sale,unit,remove,office sale listing,,₹3.96 Cr,"4,400 sq.ft",,2,navrangpura,iscon-arcade-office-sale-navrangpura
https://cityprop.co.in/property/iscon-arcade-office-rent-navrangpura/,"4,400 sq.ft Office · Iscon Arcade, Navrangpura",Navrangpura,office,rent,unit,remove,office rent listing,,₹50 / sq.ft,"4,400 sq.ft",,2,navrangpura,iscon-arcade-office-rent-navrangpura
https://cityprop.co.in/property/manor-max-office-sale-navrangpura/,"4,500 sq.ft Office for Sale · Manor Max, Navrangpura",Navrangpura,office,sale,unit,remove,office sale listing,,₹3.3 Cr,"4,500 sq.ft",,1,navrangpura,manor-max-office-sale-navrangpura
https://cityprop.co.in/property/shoppers-plaza-4-office-rent-navrangpura/,"6,000 sq.ft Office · Shoppers Plaza 4, Navrangpura",Navrangpura,office,rent,unit,remove,office rent listing,,₹45 / sq.ft,"6,000 sq.ft",,0,navrangpura,shoppers-plaza-4-office-rent-navrangpura
https://cityprop.co.in/property/anmol-business-center-office-rent-navrangpura/,"6,983 sq.ft Office · Anmol Business Center, Navrangpura",Navrangpura,office,rent,unit,remove,office rent listing,,₹50 / sq.ft,"6,983 sq.ft",,0,navrangpura,anmol-business-center-office-rent-navrangpura
https://cityprop.co.in/property/chandan-house-office-rent-navrangpura/,"7,350 sq.ft super built up Office · Chandan House, Navrangpura",Navrangpura,office,rent,unit,remove,office rent listing,,"₹367,500","7,350 sq.ft super built up",,0,navrangpura,chandan-house-office-rent-navrangpura
https://cityprop.co.in/property/zodiac-plaza-office-rent-navrangpura/,"7,625 sq.ft Office · Zodiac Plaza, Navrangpura",Navrangpura,office,rent,unit,remove,office rent listing,,₹65 / sq.ft,"7,625 sq.ft",,1,navrangpura,zodiac-plaza-office-rent-navrangpura
https://cityprop.co.in/property/the-link-8000-office-rent-navrangpura/,"8,000 sq.ft Office · The Link, Navrangpura",Navrangpura,office,rent,unit,remove,office rent listing,,₹40 / sq.ft,"8,000 sq.ft",,3,navrangpura,the-link-8000-office-rent-navrangpura
https://cityprop.co.in/property/bvr-ek-1231-office-sale-paldi/,"1,231 sq.ft Office for Sale · BVR EK, Paldi",Paldi,office,sale,unit,remove,office sale listing,,₹1.05 Cr,"1,231 sq.ft",,4,paldi,bvr-ek-1231-office-sale-paldi
https://cityprop.co.in/property/bvr-ek-1231-office-rent-paldi/,"1,231 sq.ft Office · BVR EK, Paldi",Paldi,office,rent,unit,remove,office rent listing,,₹35 / sq.ft,"1,231 sq.ft",,4,paldi,bvr-ek-1231-office-rent-paldi
https://cityprop.co.in/property/bvr-ek-3000-office-rent-paldi/,"3,000 sq.ft Office · BVR EK, Paldi",Paldi,office,rent,unit,remove,office rent listing,,₹65 / sq.ft,"3,000 sq.ft",,4,paldi,bvr-ek-3000-office-rent-paldi
https://cityprop.co.in/property/bvr-ek-3600-office-rent-paldi/,"3,600 sq.ft Office · BVR EK, Paldi",Paldi,office,rent,unit,remove,office rent listing,,₹55 / sq.ft,"3,600 sq.ft",,4,paldi,bvr-ek-3600-office-rent-paldi
https://cityprop.co.in/property/bvr-ek-3700-office-sale-paldi/,"3,700 sq.ft Office for Sale · BVR EK, Paldi",Paldi,office,sale,unit,remove,office sale listing,,₹3.88 Cr,"3,700 sq.ft",,4,paldi,bvr-ek-3700-office-sale-paldi
https://cityprop.co.in/property/bvr-ek-3700-office-rent-paldi/,"3,700 sq.ft Office · BVR EK, Paldi",Paldi,office,rent,unit,remove,office rent listing,,₹55 / sq.ft,"3,700 sq.ft",,4,paldi,bvr-ek-3700-office-rent-paldi
https://cityprop.co.in/property/bvr-ek-5005-office-rent-paldi/,"5,005 sq.ft Office · BVR EK, Paldi",Paldi,office,rent,unit,remove,office rent listing,,₹70 / sq.ft,"5,005 sq.ft",,4,paldi,bvr-ek-5005-office-rent-paldi
https://cityprop.co.in/property/bvr-ek-925-office-sale-paldi/,"925 sq.ft Office for Sale · BVR EK, Paldi",Paldi,office,sale,unit,remove,office sale listing,,₹79 L,925 sq.ft,,4,paldi,bvr-ek-925-office-sale-paldi
https://cityprop.co.in/property/bvr-ek-925-office-rent-paldi/,"925 sq.ft Office · BVR EK, Paldi",Paldi,office,rent,unit,remove,office rent listing,,₹35 / sq.ft,925 sq.ft,,4,paldi,bvr-ek-925-office-rent-paldi
https://cityprop.co.in/property/pinnacle-business-park-office-rent-prahladnagar/,"1,225 sq.ft Office · Pinnacle Business Park, Prahlad Nagar",Prahlad Nagar,office,rent,unit,remove,office rent listing,,₹55 / sq.ft,"1,225 sq.ft",,0,prahlad-nagar,pinnacle-business-park-office-rent-prahladnagar
https://cityprop.co.in/property/palladium-1502-office-rent-prahladnagar/,"1,502 sq.ft super built up Office · Palladium, Prahlad Nagar",Prahlad Nagar,office,rent,unit,remove,office rent listing,,₹55 / sq.ft,"1,502 sq.ft super built up",,0,prahlad-nagar,palladium-1502-office-rent-prahladnagar
https://cityprop.co.in/property/commerce-house-4-office-rent-prahladnagar/,"17,700 sq.ft Office · Commerce House 4, Prahlad Nagar",Prahlad Nagar,office,rent,unit,remove,office rent listing,,₹48 / sq.ft,"17,700 sq.ft",,0,prahlad-nagar,commerce-house-4-office-rent-prahladnagar
https://cityprop.co.in/property/dev-auram-office-rent-prahladnagar/,"2,525 sq.ft Office · Dev Auram, Prahlad Nagar",Prahlad Nagar,office,rent,unit,remove,office rent listing,,₹45 / sq.ft,"2,525 sq.ft",,0,prahlad-nagar,dev-auram-office-rent-prahladnagar
https://cityprop.co.in/property/shivalik-arcade-office-rent-prahladnagar/,"2,667 sq.ft Office · Shivalik Arcade, Prahlad Nagar",Prahlad Nagar,office,rent,unit,remove,office rent listing,,₹45 / sq.ft,"2,667 sq.ft",,0,prahlad-nagar,shivalik-arcade-office-rent-prahladnagar
https://cityprop.co.in/property/31-five-zaveri-office-rent-prahladnagar/,"22,500 sq.ft Office · 31 Five Zaveri, Prahlad Nagar",Prahlad Nagar,office,rent,unit,remove,office rent listing,,₹58 / sq.ft,"22,500 sq.ft",,0,prahlad-nagar,31-five-zaveri-office-rent-prahladnagar
https://cityprop.co.in/property/venus-atlantis-office-rent-prahladnagar/,"25,800 sq.ft Office · Venus Atlantis, Prahlad Nagar",Prahlad Nagar,office,rent,unit,remove,office rent listing,,₹65 / sq.ft,"25,800 sq.ft",,9,prahlad-nagar,venus-atlantis-office-rent-prahladnagar
https://cityprop.co.in/property/commerce-house-5-office-rent-prahladnagar/,"3,188 sq.ft Office · Commerce House 5, Prahlad Nagar",Prahlad Nagar,office,rent,unit,remove,office rent listing,,₹58 / sq.ft,"3,188 sq.ft",,0,prahlad-nagar,commerce-house-5-office-rent-prahladnagar
https://cityprop.co.in/property/palladium-office-sale-prahladnagar/,"629 sq.ft Office for Sale · Palladium, Prahlad Nagar",Prahlad Nagar,office,sale,unit,remove,office sale listing,,₹60 L,629 sq.ft,,0,prahlad-nagar,palladium-office-sale-prahladnagar
https://cityprop.co.in/property/dev-atelier-office-sale-prahladnagar/,"787 sq.ft Office for Sale · Dev Atelier, Prahlad Nagar",Prahlad Nagar,office,sale,unit,remove,office sale listing,,₹44 L,787 sq.ft,,4,prahlad-nagar,dev-atelier-office-sale-prahladnagar
https://cityprop.co.in/property/landmark-building-office-rent-prahladnagar/,"8,000 sq.ft Office · Landmark Building, Prahlad Nagar",Prahlad Nagar,office,rent,unit,remove,office rent listing,,₹50 / sq.ft,"8,000 sq.ft",,0,prahlad-nagar,landmark-building-office-rent-prahladnagar
https://cityprop.co.in/property/shivalik-shilp-1100-office-rent-sg-highway/,"1,100 sq.ft Office · Shivalik Shilp, SG Highway",SG Highway,office,rent,unit,remove,office rent listing,,₹55 / sq.ft,"1,100 sq.ft",,3,sg-highway,shivalik-shilp-1100-office-rent-sg-highway
https://cityprop.co.in/property/privilon-1170-office-rent-sg-highway/,"1,170 sq.ft Office · Privilon, SG Highway",SG Highway,office,rent,unit,remove,office rent listing,,"₹80,000","1,170 sq.ft",,0,sg-highway,privilon-1170-office-rent-sg-highway
https://cityprop.co.in/property/shapath-5-1380-office-rent-sg-highway/,"1,380 sq.ft Office · Shapath 5, SG Highway",SG Highway,office,rent,unit,remove,office rent listing,,₹60 / sq.ft,"1,380 sq.ft",,0,sg-highway,shapath-5-1380-office-rent-sg-highway
https://cityprop.co.in/property/mondeal-heights-1467-office-rent-sg-highway/,"1,467 sq.ft Office · Mondeal Heights, SG Highway",SG Highway,office,rent,unit,remove,office rent listing,,₹65 / sq.ft,"1,467 sq.ft",,0,sg-highway,mondeal-heights-1467-office-rent-sg-highway
https://cityprop.co.in/property/mondeal-heights-1611-office-rent-sg-highway/,"1,611 sq.ft Office · Mondeal Heights, SG Highway",SG Highway,office,rent,unit,remove,office rent listing,,₹55 / sq.ft,"1,611 sq.ft",,0,sg-highway,mondeal-heights-1611-office-rent-sg-highway
https://cityprop.co.in/property/westgate-office-sale-sg-highway/,"1,635 sq.ft super built up Office for Sale · Westgate, SG Highway",SG Highway,office,sale,unit,remove,office sale listing,,₹1.39 Cr,"1,635 sq.ft super built up",,3,sg-highway,westgate-office-sale-sg-highway
https://cityprop.co.in/property/privilon-1717-office-rent-sg-highway/,"1,717 sq.ft Office · Privilon, SG Highway",SG Highway,office,rent,unit,remove,office rent listing,,₹45 / sq.ft,"1,717 sq.ft",,0,sg-highway,privilon-1717-office-rent-sg-highway
https://cityprop.co.in/property/privilon-office-sale-sg-highway/,"10,000 sq.ft Office for Sale · Privilon, SG Highway",SG Highway,office,sale,unit,remove,office sale listing,,₹11.5 Cr,"10,000 sq.ft",,5,sg-highway,privilon-office-sale-sg-highway
https://cityprop.co.in/property/privilon-office-rent-sg-highway/,"10,000 sq.ft Office · Privilon, SG Highway",SG Highway,office,rent,unit,remove,office rent listing,,₹70 / sq.ft,"10,000 sq.ft",,5,sg-highway,privilon-office-rent-sg-highway
https://cityprop.co.in/property/president-plaza-office-rent-sg-highway/,"10,200 sq.ft Office · President Plaza, SG Highway",SG Highway,office,rent,unit,remove,office rent listing,,₹45 / sq.ft,"10,200 sq.ft",,0,sg-highway,president-plaza-office-rent-sg-highway
https://cityprop.co.in/property/westgate-11640-office-rent-sg-highway/,"11,640 sq.ft super built up Office · Westgate, SG Highway",SG Highway,office,rent,unit,remove,office rent listing,,₹55 / sq.ft,"11,640 sq.ft super built up",,3,sg-highway,westgate-11640-office-rent-sg-highway
https://cityprop.co.in/property/iscon-elegance-2120-office-rent-sg-highway/,"2,120 sq.ft Office · Iscon Elegance, SG Highway",SG Highway,office,rent,unit,remove,office rent listing,,₹60 / sq.ft,"2,120 sq.ft",,2,sg-highway,iscon-elegance-2120-office-rent-sg-highway
https://cityprop.co.in/property/shapath-5-2200-office-rent-sg-highway/,"2,200 sq.ft super built up Office · Shapath 5, SG Highway",SG Highway,office,rent,unit,remove,office rent listing,,₹60 / sq.ft,"2,200 sq.ft super built up",,0,sg-highway,shapath-5-2200-office-rent-sg-highway
https://cityprop.co.in/property/titanium-one-office-rent-sg-highway/,"2,242 sq.ft Office · Titanium One, SG Highway",SG Highway,office,rent,unit,remove,office rent listing,,₹57 / sq.ft,"2,242 sq.ft",,3,sg-highway,titanium-one-office-rent-sg-highway
https://cityprop.co.in/property/iscon-elegance-office-sale-sg-highway/,"2,477 sq.ft Office for Sale · Iscon Elegance, SG Highway",SG Highway,office,sale,unit,remove,office sale listing,,₹2.23 Cr,"2,477 sq.ft",,2,sg-highway,iscon-elegance-office-sale-sg-highway
https://cityprop.co.in/property/iscon-elegance-office-rent-sg-highway/,"2,477 sq.ft super built up Office · Iscon Elegance, SG Highway",SG Highway,office,rent,unit,remove,office rent listing,,"₹150,000","2,477 sq.ft super built up",,2,sg-highway,iscon-elegance-office-rent-sg-highway
https://cityprop.co.in/property/titanium-one-2524-office-sale-sg-highway/,"2,524 sq.ft Office for Sale · Titanium One, SG Highway",SG Highway,office,sale,unit,remove,office sale listing,,₹2.52 Cr,"2,524 sq.ft",,3,sg-highway,titanium-one-2524-office-sale-sg-highway
https://cityprop.co.in/property/titanium-one-2524-office-rent-sg-highway/,"2,524 sq.ft Office · Titanium One, SG Highway",SG Highway,office,rent,unit,remove,office rent listing,,₹65 / sq.ft,"2,524 sq.ft",,3,sg-highway,titanium-one-2524-office-rent-sg-highway
https://cityprop.co.in/property/gnfc-tower-22000-office-rent-sg-highway/,"22,000 sq.ft Office · GNFC Tower, SG Highway",SG Highway,office,rent,unit,remove,office rent listing,,"₹880,000","22,000 sq.ft",,10,sg-highway,gnfc-tower-22000-office-rent-sg-highway
https://cityprop.co.in/property/gnfc-tower-24000-office-rent-sg-highway/,"24,000 sq.ft Office · GNFC Tower, SG Highway",SG Highway,office,rent,unit,remove,office rent listing,,"₹600,000","24,000 sq.ft",,10,sg-highway,gnfc-tower-24000-office-rent-sg-highway
https://cityprop.co.in/property/mondeal-heights-office-rent-sg-highway/,"3,203 sq.ft Office · Mondeal Heights, SG Highway",SG Highway,office,rent,unit,remove,office rent listing,,"₹134,526","3,203 sq.ft",,0,sg-highway,mondeal-heights-office-rent-sg-highway
https://cityprop.co.in/property/sapath-4-office-sale-sg-highway/,"3,540 sq.ft super built up Office for Sale · Sapath 4, SG Highway",SG Highway,office,sale,unit,remove,office sale listing,,₹3.25 Cr,"3,540 sq.ft super built up",,5,sg-highway,sapath-4-office-sale-sg-highway
https://cityprop.co.in/property/sapath-4-office-rent-sg-highway/,"3,540 sq.ft super built up Office · Sapath 4, SG Highway",SG Highway,office,rent,unit,remove,office rent listing,,₹50 / sq.ft,"3,540 sq.ft super built up",,5,sg-highway,sapath-4-office-rent-sg-highway
https://cityprop.co.in/property/earth-arise-office-sale-sg-highway/,"3,655 sq.ft super built up Office for Sale · Earth Arise, SG Highway",SG Highway,office,sale,unit,remove,office sale listing,,₹3.47 Cr,"3,655 sq.ft super built up",,5,sg-highway,earth-arise-office-sale-sg-highway
https://cityprop.co.in/property/earth-arise-office-rent-sg-highway/,"3,655 sq.ft super built up Office · Earth Arise, SG Highway",SG Highway,office,rent,unit,remove,office rent listing,,₹52 / sq.ft,"3,655 sq.ft super built up",,5,sg-highway,earth-arise-office-rent-sg-highway
https://cityprop.co.in/property/west-gate-office-rent-sg-highway/,"4,250 sq.ft Office · West Gate, SG Highway",SG Highway,office,rent,unit,remove,office rent listing,,₹68 / sq.ft,"4,250 sq.ft",,3,sg-highway,west-gate-office-rent-sg-highway
https://cityprop.co.in/property/brooklyn-towers-office-rent-sg-highway/,"4,300 sq.ft super built up Office · Brooklyn Towers, SG Highway",SG Highway,office,rent,unit,remove,office rent listing,,"₹360,000","4,300 sq.ft super built up",,5,sg-highway,brooklyn-towers-office-rent-sg-highway
https://cityprop.co.in/property/westgate-4500-office-rent-sg-highway/,"4,500 sq.ft Office · Westgate, SG Highway",SG Highway,office,rent,unit,remove,office rent listing,,₹70 / sq.ft,"4,500 sq.ft",,3,sg-highway,westgate-4500-office-rent-sg-highway
https://cityprop.co.in/property/acropolis-mall-office-rent-sg-highway/,"41,000 sq.ft Office · The Acropolis Mall, SG Highway",SG Highway,office,rent,unit,remove,office rent listing,,₹58 / sq.ft,"41,000 sq.ft",,5,sg-highway,acropolis-mall-office-rent-sg-highway
https://cityprop.co.in/property/gnfc-tower-5100-office-rent-sg-highway/,"5,100 sq.ft Office · GNFC Tower, SG Highway",SG Highway,office,rent,unit,remove,office rent listing,,"₹204,000","5,100 sq.ft",,10,sg-highway,gnfc-tower-5100-office-rent-sg-highway
https://cityprop.co.in/property/shivalik-shilp-office-sale-sg-highway/,"574 sq.ft Office for Sale · Shivalik Shilp, SG Highway",SG Highway,office,sale,unit,remove,office sale listing,,₹55 L,574 sq.ft,,3,sg-highway,shivalik-shilp-office-sale-sg-highway
https://cityprop.co.in/property/shivalik-shilp-office-rent-sg-highway/,"574 sq.ft Office · Shivalik Shilp, SG Highway",SG Highway,office,rent,unit,remove,office rent listing,,"₹26,000",574 sq.ft,,3,sg-highway,shivalik-shilp-office-rent-sg-highway
https://cityprop.co.in/property/gnfc-tower-6100-office-rent-sg-highway/,"6,100 sq.ft Office · GNFC Tower, SG Highway",SG Highway,office,rent,unit,remove,office rent listing,,"₹244,000","6,100 sq.ft",,10,sg-highway,gnfc-tower-6100-office-rent-sg-highway
https://cityprop.co.in/property/gnfc-tower-8100-office-rent-sg-highway/,"8,100 sq.ft Office · GNFC Tower, SG Highway",SG Highway,office,rent,unit,remove,office rent listing,,"₹324,000","8,100 sq.ft",,10,sg-highway,gnfc-tower-8100-office-rent-sg-highway
https://cityprop.co.in/property/westgate-business-bay-2980-office-sale-sarkhej/,"2,980 sq.ft Office for Sale · Westgate Business Bay, Sarkhej",Sarkhej,office,sale,unit,remove,office sale listing,,₹1.9 Cr,"2,980 sq.ft",,3,sarkhej,westgate-business-bay-2980-office-sale-sarkhej
https://cityprop.co.in/property/shridhar-athens-10000-office-sale-satellite/,"10,000 sq.ft Office for Sale · Shridhar Athens, Satellite",Satellite,office,sale,unit,remove,office sale listing,,₹8 Cr,"10,000 sq.ft",,0,satellite,shridhar-athens-10000-office-sale-satellite
https://cityprop.co.in/property/surmount-tower-office-rent-satellite/,"2,425 sq.ft Office · Surmount Tower, Satellite",Satellite,office,rent,unit,remove,office rent listing,,"₹90,000","2,425 sq.ft",,0,satellite,surmount-tower-office-rent-satellite
https://cityprop.co.in/property/shridhar-athens-4000-office-sale-satellite/,"4,000 sq.ft Office for Sale · Shridhar Athens, Satellite",Satellite,office,sale,unit,remove,office sale listing,,₹3.2 Cr,"4,000 sq.ft",,0,satellite,shridhar-athens-4000-office-sale-satellite
https://cityprop.co.in/property/rajyash-uniza-office-rent-satellite/,"4,765 sq.ft Office · Rajyash Uniza, Satellite",Satellite,office,rent,unit,remove,office rent listing,,"₹285,900","4,765 sq.ft",,0,satellite,rajyash-uniza-office-rent-satellite
https://cityprop.co.in/property/iscon-center-office-rent-satellite/,"5,000 sq.ft super built up Office · Iscon Center, Satellite",Satellite,office,rent,unit,remove,office rent listing,,₹55 / sq.ft,"5,000 sq.ft super built up",,0,satellite,iscon-center-office-rent-satellite
https://cityprop.co.in/property/shivalik-10-office-satellite/,"5,250 sq.ft Office · Shivalik 10, Satellite",Satellite,office,rent,unit,remove,office rent listing,,₹62 / sq.ft,"5,250 sq.ft",,0,satellite,shivalik-10-office-satellite
https://cityprop.co.in/property/rajyash-uniza-5300-office-rent-satellite/,"5,300 sq.ft super built up Office · Rajyash Uniza, Satellite",Satellite,office,rent,unit,remove,office rent listing,,₹50 / sq.ft,"5,300 sq.ft super built up",,0,satellite,rajyash-uniza-5300-office-rent-satellite
https://cityprop.co.in/property/shridhar-athens-6000-office-sale-satellite/,"6,000 sq.ft Office for Sale · Shridhar Athens, Satellite",Satellite,office,sale,unit,remove,office sale listing,,₹4.8 Cr,"6,000 sq.ft",,0,satellite,shridhar-athens-6000-office-sale-satellite
https://cityprop.co.in/property/siddhi-vinayak-office-rent-satellite/,"6,600 sq.ft Office · Siddhi Vinayak, Satellite",Satellite,office,rent,unit,remove,office rent listing,,₹60 / sq.ft,"6,600 sq.ft",,0,satellite,siddhi-vinayak-office-rent-satellite
https://cityprop.co.in/property/the-capital-office-rent-science-city/,"19,600 sq.ft Office · The Capital, Science City",Science City,office,rent,unit,remove,office rent listing,,₹60 / sq.ft,"19,600 sq.ft",,0,science-city,the-capital-office-rent-science-city
https://cityprop.co.in/property/square-corporate-office-rent-science-city/,"2,475 sq.ft Office · Square Corporate, Science City",Science City,office,rent,unit,remove,office rent listing,,₹42 / sq.ft,"2,475 sq.ft",,0,science-city,square-corporate-office-rent-science-city
https://cityprop.co.in/property/shilp-the-address-office-2800-rent-shilaj/,"2,800 sq.ft Office for Rent · Shilp The Address, Shilaj",Shilaj,office,rent,unit,remove,office rent listing,,"₹168,000","2,800 sq.ft",,2,shilaj,shilp-the-address-office-2800-rent-shilaj
https://cityprop.co.in/property/shilp-the-address-office-2800-sale-shilaj/,"2,800 sq.ft Office for Sale · Shilp The Address, Shilaj",Shilaj,office,sale,unit,remove,office sale listing,,₹3.64 Cr,"2,800 sq.ft",,2,shilaj,shilp-the-address-office-2800-sale-shilaj
https://cityprop.co.in/property/shilp-the-address-office-3500-rent-shilaj/,"3,500 sq.ft Office for Rent · Shilp The Address, Shilaj",Shilaj,office,rent,unit,remove,office rent listing,,"₹210,000","3,500 sq.ft",,2,shilaj,shilp-the-address-office-3500-rent-shilaj
https://cityprop.co.in/property/shilp-the-address-office-3500-sale-shilaj/,"3,500 sq.ft Office for Sale · Shilp The Address, Shilaj",Shilaj,office,sale,unit,remove,office sale listing,,₹4.55 Cr,"3,500 sq.ft",,2,shilaj,shilp-the-address-office-3500-sale-shilaj
https://cityprop.co.in/property/shilp-the-address-office-6300-rent-shilaj/,"6,300 sq.ft Office for Rent · Shilp The Address, Shilaj",Shilaj,office,rent,unit,remove,office rent listing,,"₹378,000","6,300 sq.ft",,2,shilaj,shilp-the-address-office-6300-rent-shilaj
https://cityprop.co.in/property/shilp-the-address-office-6300-sale-shilaj/,"6,300 sq.ft Office for Sale · Shilp The Address, Shilaj",Shilaj,office,sale,unit,remove,office sale listing,,₹8.19 Cr,"6,300 sq.ft",,2,shilaj,shilp-the-address-office-6300-sale-shilaj
https://cityprop.co.in/property/iconic-shyamal-1226-office-rent-shyamal/,"1,226 sq.ft Office · Iconic Shyamal, Shyamal",Shyamal,office,rent,unit,remove,office rent listing,,₹40 / sq.ft,"1,226 sq.ft",,0,shyamal,iconic-shyamal-1226-office-rent-shyamal
https://cityprop.co.in/property/iconic-shyamal-office-rent-shyamal/,"2,933 sq.ft super built up Office · Iconic Shyamal, Shyamal",Shyamal,office,rent,unit,remove,office rent listing,,₹43 / sq.ft,"2,933 sq.ft super built up",,0,shyamal,iconic-shyamal-office-rent-shyamal
https://cityprop.co.in/property/unicus-shyamal-office-rent-shyamal/,"900 sq.ft Office · Unicus Shyamal, Shyamal",Shyamal,office,rent,unit,remove,office rent listing,,"₹55,000",900 sq.ft,,0,shyamal,unicus-shyamal-office-rent-shyamal
https://cityprop.co.in/property/shilp-zaveri-office-rent-shyamal/,"954 sq.ft Office · Shilp Zaveri, Shyamal",Shyamal,office,rent,unit,remove,office rent listing,,₹40 / sq.ft,954 sq.ft,,0,shyamal,shilp-zaveri-office-rent-shyamal
https://cityprop.co.in/property/ganesh-meridian-1441-office-rent-sola/,"1,441 sq.ft Office · Ganesh Meridian, Sola",Sola,office,rent,unit,remove,office rent listing,,"₹65,000","1,441 sq.ft",,0,sola,ganesh-meridian-1441-office-rent-sola
https://cityprop.co.in/property/ganesh-meridian-office-sale-sola/,"1,600 sq.ft Office for Sale · Ganesh Meridian, Sola",Sola,office,sale,unit,remove,office sale listing,,₹1.28 Cr,"1,600 sq.ft",,4,sola,ganesh-meridian-office-sale-sola
https://cityprop.co.in/property/ganesh-meridian-office-rent-sola/,"1,600 sq.ft Office · Ganesh Meridian, Sola",Sola,office,rent,unit,remove,office rent listing,,₹55 / sq.ft,"1,600 sq.ft",,4,sola,ganesh-meridian-office-rent-sola
https://cityprop.co.in/property/swati-18-1484-office-sale-thaltej/,"1,484 sq.ft Office for Sale · Swati 18, Thaltej",Thaltej,office,sale,unit,remove,office sale listing,,₹1.18 Cr,"1,484 sq.ft",,3,thaltej,swati-18-1484-office-sale-thaltej
https://cityprop.co.in/property/shreya-amalga-1720-office-sale-thaltej/,"1,720 sq.ft Office for Sale · Shreeya Amalga, Thaltej",Thaltej,office,sale,unit,remove,office sale listing,,₹1.46 Cr,"1,720 sq.ft",,3,thaltej,shreya-amalga-1720-office-sale-thaltej
https://cityprop.co.in/property/shreya-amalga-1720-office-rent-thaltej/,"1,720 sq.ft Office · Shreeya Amalga, Thaltej",Thaltej,office,rent,unit,remove,office rent listing,,"₹59,000","1,720 sq.ft",,3,thaltej,shreya-amalga-1720-office-rent-thaltej
https://cityprop.co.in/property/krish-cubical-office-rent-thaltej/,"10,350 sq.ft super built up Office · Krish Cubical, Thaltej",Thaltej,office,rent,unit,remove,office rent listing,,₹60 / sq.ft,"10,350 sq.ft super built up",,7,thaltej,krish-cubical-office-rent-thaltej
https://cityprop.co.in/property/westport-11331-office-sale-thaltej/,"11,331 sq.ft Office for Sale · Westport, Thaltej",Thaltej,office,sale,unit,remove,office sale listing,,₹9.63 Cr,"11,331 sq.ft",,1,thaltej,westport-11331-office-sale-thaltej
https://cityprop.co.in/property/westport-11331-office-rent-thaltej/,"11,331 sq.ft Office · Westport, Thaltej",Thaltej,office,rent,unit,remove,office rent listing,,₹55 / sq.ft,"11,331 sq.ft",,1,thaltej,westport-11331-office-rent-thaltej
https://cityprop.co.in/property/krish-cubical-2266-office-rent-thaltej/,"2,266 sq.ft Office · Krish Cubical, Thaltej",Thaltej,office,rent,unit,remove,office rent listing,,₹35 / sq.ft,"2,266 sq.ft",,0,thaltej,krish-cubical-2266-office-rent-thaltej
https://cityprop.co.in/property/swati-18-2778-office-sale-thaltej/,"2,778 sq.ft Office for Sale · Swati 18, Thaltej",Thaltej,office,sale,unit,remove,office sale listing,,₹2.22 Cr,"2,778 sq.ft",,3,thaltej,swati-18-2778-office-sale-thaltej
https://cityprop.co.in/property/zion-z1-office-rent-thaltej/,"2,972 sq.ft Office · Zion Z1, Thaltej",Thaltej,office,rent,unit,remove,office rent listing,,₹65 / sq.ft,"2,972 sq.ft",,0,thaltej,zion-z1-office-rent-thaltej
https://cityprop.co.in/property/maple-trade-centre-2995-office-rent-thaltej/,"2,995 sq.ft super built up Office · Maple Trade Centre, Thaltej",Thaltej,office,rent,unit,remove,office rent listing,,₹60 / sq.ft,"2,995 sq.ft super built up",,0,thaltej,maple-trade-centre-2995-office-rent-thaltej
https://cityprop.co.in/property/westface-office-sale-thaltej/,"4,104 sq.ft Office for Sale · WestFace, Thaltej",Thaltej,office,sale,unit,remove,office sale listing,REVIEW: flagged featured on the homepage today,₹4.6 Cr,"4,104 sq.ft",,5,thaltej,westface-office-sale-thaltej
https://cityprop.co.in/property/maple-trade-centre-office-rent-thaltej/,"4,593 sq.ft super built up Office · Maple Trade Centre, Thaltej",Thaltej,office,rent,unit,remove,office rent listing,,"₹300,000","4,593 sq.ft super built up",,0,thaltej,maple-trade-centre-office-rent-thaltej
https://cityprop.co.in/property/magnet-corporate-park-office-rent-thaltej/,"5,000 sq.ft super built up Office · Magnet Corporate Park, Thaltej",Thaltej,office,rent,unit,remove,office rent listing,,₹40 / sq.ft,"5,000 sq.ft super built up",,0,thaltej,magnet-corporate-park-office-rent-thaltej
https://cityprop.co.in/property/westport-5940-office-sale-thaltej/,"5,940 sq.ft Office for Sale · Westport, Thaltej",Thaltej,office,sale,unit,remove,office sale listing,,₹5.05 Cr,"5,940 sq.ft",,1,thaltej,westport-5940-office-sale-thaltej
https://cityprop.co.in/property/westport-5940-office-rent-thaltej/,"5,940 sq.ft Office · Westport, Thaltej",Thaltej,office,rent,unit,remove,office rent listing,,₹55 / sq.ft,"5,940 sq.ft",,1,thaltej,westport-5940-office-rent-thaltej
https://cityprop.co.in/property/krish-cubical-6000-office-rent-thaltej/,"6,000 sq.ft Office · Krish Cubical, Thaltej",Thaltej,office,rent,unit,remove,office rent listing,,"₹300,000","6,000 sq.ft",,0,thaltej,krish-cubical-6000-office-rent-thaltej
https://cityprop.co.in/property/titanium-square-928-office-rent-thaltej/,"928 sq.ft Office · Titanium Square, Thaltej",Thaltej,office,rent,unit,remove,office rent listing,,"₹55,000",928 sq.ft,,0,thaltej,titanium-square-928-office-rent-thaltej
https://cityprop.co.in/property/the-first-1035-office-rent-vastrapur/,"1,035 sq.ft Office · The First, Vastrapur",Vastrapur,office,rent,unit,remove,office rent listing,,₹40 / sq.ft,"1,035 sq.ft",,2,vastrapur,the-first-1035-office-rent-vastrapur
https://cityprop.co.in/property/the-first-1050-office-rent-vastrapur/,"1,050 sq.ft Office · The First, Vastrapur",Vastrapur,office,rent,unit,remove,office rent listing,,₹60 / sq.ft,"1,050 sq.ft",,2,vastrapur,the-first-1050-office-rent-vastrapur
https://cityprop.co.in/property/ratnakar-nine-square-office-rent-vastrapur/,"1,080 sq.ft Office · Ratnakar Nine Square, Vastrapur",Vastrapur,office,rent,unit,remove,office rent listing,,₹55 / sq.ft,"1,080 sq.ft",,5,vastrapur,ratnakar-nine-square-office-rent-vastrapur
https://cityprop.co.in/property/the-first-1120-office-sale-vastrapur/,"1,120 sq.ft Office for Sale · The First, Vastrapur",Vastrapur,office,sale,unit,remove,office sale listing,,₹1.12 Cr,"1,120 sq.ft",,2,vastrapur,the-first-1120-office-sale-vastrapur
https://cityprop.co.in/property/the-first-office-sale-vastrapur/,"1,145 sq.ft Office for Sale · The First, Vastrapur",Vastrapur,office,sale,unit,remove,office sale listing,,₹1.15 Cr,"1,145 sq.ft",,2,vastrapur,the-first-office-sale-vastrapur
https://cityprop.co.in/property/the-first-1169-office-rent-vastrapur/,"1,169 sq.ft Office · The First, Vastrapur",Vastrapur,office,rent,unit,remove,office rent listing,,"₹64,295","1,169 sq.ft",,2,vastrapur,the-first-1169-office-rent-vastrapur
https://cityprop.co.in/property/abhishree-adroit-1246-office-rent-vastrapur/,"1,246 sq.ft Office · Abhishree Adroit, Vastrapur",Vastrapur,office,rent,unit,remove,office rent listing,,₹55 / sq.ft,"1,246 sq.ft",,0,vastrapur,abhishree-adroit-1246-office-rent-vastrapur
https://cityprop.co.in/property/adwait-complex-office-rent-vastrapur/,"1,250 sq.ft Office · Adwait Complex, Vastrapur",Vastrapur,office,rent,unit,remove,office rent listing,,₹45 / sq.ft,"1,250 sq.ft",,0,vastrapur,adwait-complex-office-rent-vastrapur
https://cityprop.co.in/property/ratnakar-9-square-1273-office-rent-vastrapur/,"1,273 sq.ft Office · Ratnakar Nine Square, Vastrapur",Vastrapur,office,rent,unit,remove,office rent listing,,₹35 / sq.ft,"1,273 sq.ft",,5,vastrapur,ratnakar-9-square-1273-office-rent-vastrapur
https://cityprop.co.in/property/shivalik-shilp-2-1280-office-rent-vastrapur/,"1,280 sq.ft Office · Shivalik Shilp 2, Vastrapur",Vastrapur,office,rent,unit,remove,office rent listing,,Price on request,"1,280 sq.ft",,5,vastrapur,shivalik-shilp-2-1280-office-rent-vastrapur
https://cityprop.co.in/property/ratnakar-nine-square-1283-office-rent-vastrapur/,"1,283 sq.ft Office · Ratnakar Nine Square, Vastrapur",Vastrapur,office,rent,unit,remove,office rent listing,,"₹64,150","1,283 sq.ft",,5,vastrapur,ratnakar-nine-square-1283-office-rent-vastrapur
https://cityprop.co.in/property/shivalik-shilp-2-1380-office-rent-vastrapur/,"1,380 sq.ft Office · Shivalik Shilp 2, Vastrapur",Vastrapur,office,rent,unit,remove,office rent listing,,"₹75,000","1,380 sq.ft",,5,vastrapur,shivalik-shilp-2-1380-office-rent-vastrapur
https://cityprop.co.in/property/abhishree-adroit-1478-office-rent-vastrapur/,"1,478 sq.ft Office · Abhishree Adroit, Vastrapur",Vastrapur,office,rent,unit,remove,office rent listing,,₹50 / sq.ft,"1,478 sq.ft",,0,vastrapur,abhishree-adroit-1478-office-rent-vastrapur
https://cityprop.co.in/property/ratnakar-nine-square-1556-office-rent-vastrapur/,"1,556 sq.ft Office · Ratnakar Nine Square, Vastrapur",Vastrapur,office,rent,unit,remove,office rent listing,,"₹105,000","1,556 sq.ft",,5,vastrapur,ratnakar-nine-square-1556-office-rent-vastrapur
https://cityprop.co.in/property/abhishree-avenue-office-rent-vastrapur/,"1,670 sq.ft Office · Abhishree Avenue, Vastrapur",Vastrapur,office,rent,unit,remove,office rent listing,,₹30 / sq.ft,"1,670 sq.ft",,0,vastrapur,abhishree-avenue-office-rent-vastrapur
https://cityprop.co.in/property/shital-westpark-imperia-10000-office-rent-vastrapur/,"10,000 sq.ft Office · Shital Westpark Imperia, Vastrapur",Vastrapur,office,rent,unit,remove,office rent listing,,₹51 / sq.ft,"10,000 sq.ft",,0,vastrapur,shital-westpark-imperia-10000-office-rent-vastrapur
https://cityprop.co.in/property/keshavbag-capital-office-vastrapur/,"12,500 sq.ft Office · Keshavbag Capital, Vastrapur",Vastrapur,office,rent,unit,remove,office rent listing,,₹65 / sq.ft,"12,500 sq.ft",,0,vastrapur,keshavbag-capital-office-vastrapur
https://cityprop.co.in/property/the-first-2288-office-rent-vastrapur/,"2,288 sq.ft Office · The First, Vastrapur",Vastrapur,office,rent,unit,remove,office rent listing,,₹55 / sq.ft,"2,288 sq.ft",,2,vastrapur,the-first-2288-office-rent-vastrapur
https://cityprop.co.in/property/shivalik-shilp-2-office-sale-vastrapur/,"2,678 sq.ft super built up Office for Sale · Shivalik Shilp 2, Vastrapur",Vastrapur,office,sale,unit,remove,office sale listing,,₹2.54 Cr,"2,678 sq.ft super built up",,5,vastrapur,shivalik-shilp-2-office-sale-vastrapur
https://cityprop.co.in/property/shital-westpark-imperia-20000-office-rent-vastrapur/,"20,000 sq.ft super built up Office · Shital Westpark Imperia, Vastrapur",Vastrapur,office,rent,unit,remove,office rent listing,,₹51 / sq.ft,"20,000 sq.ft super built up",,0,vastrapur,shital-westpark-imperia-20000-office-rent-vastrapur
https://cityprop.co.in/property/abhishree-adroit-office-rent-vastrapur/,"3,000 sq.ft Office · Abhishree Adroit, Vastrapur",Vastrapur,office,rent,unit,remove,office rent listing,,₹50 / sq.ft,"3,000 sq.ft",,4,vastrapur,abhishree-adroit-office-rent-vastrapur
https://cityprop.co.in/property/amrapali-lakeview-office-rent-vastrapur/,"3,012 sq.ft Office · Amrapali Lakeview, Vastrapur",Vastrapur,office,rent,unit,remove,office rent listing,,"₹165,000","3,012 sq.ft",,0,vastrapur,amrapali-lakeview-office-rent-vastrapur
https://cityprop.co.in/property/abhishree-adroit-5200-office-rent-vastrapur/,"5,200 sq.ft Office · Abhishree Adroit, Vastrapur",Vastrapur,office,rent,unit,remove,office rent listing,,₹35 / sq.ft,"5,200 sq.ft",,0,vastrapur,abhishree-adroit-5200-office-rent-vastrapur
https://cityprop.co.in/property/ratnakar-nine-square-722-office-rent-vastrapur/,"722 sq.ft Office · Ratnakar Nine Square, Vastrapur",Vastrapur,office,rent,unit,remove,office rent listing,,"₹40,000",722 sq.ft,,5,vastrapur,ratnakar-nine-square-722-office-rent-vastrapur
https://cityprop.co.in/property/ratnakar-nine-square-724-office-sale-vastrapur/,"724 sq.ft Office for Sale · Ratnakar Nine Square, Vastrapur",Vastrapur,office,sale,unit,remove,office sale listing,,₹80 L,724 sq.ft,,5,vastrapur,ratnakar-nine-square-724-office-sale-vastrapur
https://cityprop.co.in/property/ratnakar-nine-square-724-office-rent-vastrapur/,"724 sq.ft Office · Ratnakar Nine Square, Vastrapur",Vastrapur,office,rent,unit,remove,office rent listing,,₹65 / sq.ft,724 sq.ft,,5,vastrapur,ratnakar-nine-square-724-office-rent-vastrapur
https://cityprop.co.in/property/shivalik-shilp-2-758-office-rent-vastrapur/,"758 sq.ft Office · Shivalik Shilp 2, Vastrapur",Vastrapur,office,rent,unit,remove,office rent listing,,₹55 / sq.ft,758 sq.ft,,5,vastrapur,shivalik-shilp-2-758-office-rent-vastrapur
https://cityprop.co.in/property/the-first-8100-office-rent-vastrapur/,"8,100 sq.ft Office · The First, Vastrapur",Vastrapur,office,rent,unit,remove,office rent listing,,₹62 / sq.ft,"8,100 sq.ft",,2,vastrapur,the-first-8100-office-rent-vastrapur
https://cityprop.co.in/property/binori-pristine-penthouse-2925-sale-satellite/,"4 BHK 2,925 sq.ft Penthouse for Sale · Binori Pristine, Satellite",Satellite,penthouse,sale,unit,remove,penthouse sale listing,,₹2 Cr,"2,925 sq.ft",4,1,satellite,binori-pristine-penthouse-2925-sale-satellite
https://cityprop.co.in/property/chekhla-plot-1146-sale-chekhla/,"1,146 sq.yd Residential Plot for Sale · Chekhla",Chekhla,plot,sale,unit,remove,plot sale listing,,₹4.81 Cr,"1,146 sq.yd",,0,chekhla,chekhla-plot-1146-sale-chekhla
https://cityprop.co.in/property/sun-village-plot-ghuma/,"400 sq.yd Plot for Sale · Sun Village, Ghuma",Ghuma,plot,sale,unit,remove,plot sale listing,,₹2.8 Cr,400 sq.yd,,5,ghuma,sun-village-plot-ghuma
https://cityprop.co.in/property/prathna-upvan-plot-guma/,"3,000 sq.yd Plot for Sale · Prathna Upvan, Guma",Guma,plot,sale,unit,remove,plot sale listing,,₹13.5 Cr,"3,000 sq.yd",,0,guma,prathna-upvan-plot-guma
https://cityprop.co.in/property/shilpgram-1-plot-1200-sale-jaspur/,"1,200 sq.yd Plot for Sale · Shilpgram-1, Jaspur",Jaspur,plot,sale,unit,remove,plot sale listing,,₹4.2 Cr,"1,200 sq.yd",,0,jaspur,shilpgram-1-plot-1200-sale-jaspur
https://cityprop.co.in/property/shilpgram-3-plot-534-sale-lapkaman/,"534 sq.yd Plot for Sale · Shilpgram-3, Lapkaman",Lapkaman,plot,sale,unit,remove,plot sale listing,,₹2.14 Cr,534 sq.yd,,0,lapkaman,shilpgram-3-plot-534-sale-lapkaman
https://cityprop.co.in/property/prakruti-plot-1029-rancharda/,"1,029 sq.yd Plot for Sale · Prakruti, Rancharda",Rancharda,plot,sale,unit,remove,plot sale listing,,₹4.32 Cr,"1,029 sq.yd",,0,rancharda,prakruti-plot-1029-rancharda
https://cityprop.co.in/property/prakruti-plot-1146-rancharda/,"1,146 sq.yd Plot for Sale · Prakruti, Rancharda",Rancharda,plot,sale,unit,remove,plot sale listing,,₹4.81 Cr,"1,146 sq.yd",,0,rancharda,prakruti-plot-1146-rancharda
https://cityprop.co.in/property/suramya-2-plot-1230-sale-rancharda/,"1,230 sq.yd Plot for Sale · Suramya - 2, Rancharda",Rancharda,plot,sale,unit,remove,plot sale listing,,₹4.92 Cr,"1,230 sq.yd",,1,rancharda,suramya-2-plot-1230-sale-rancharda
https://cityprop.co.in/property/santoor-farm-plot-rancharda/,"3,619 sq.yd Plot for Sale · Santoor Farm, Rancharda",Rancharda,plot,sale,unit,remove,plot sale listing,REVIEW: flagged featured on the homepage today,₹30.76 Cr,"3,619 sq.yd",,5,rancharda,santoor-farm-plot-rancharda
https://cityprop.co.in/property/prakruti-plot-613-rancharda/,"613 sq.yd Plot for Sale · Prakruti, Rancharda",Rancharda,plot,sale,unit,remove,plot sale listing,,₹2.57 Cr,613 sq.yd,,0,rancharda,prakruti-plot-613-rancharda
https://cityprop.co.in/property/kadambari-1-plot-rancharda/,"700 sq.yd Plot for Sale · Kadambari 1, Rancharda",Rancharda,plot,sale,unit,remove,plot sale listing,,₹3.15 Cr,700 sq.yd,,0,rancharda,kadambari-1-plot-rancharda
https://cityprop.co.in/property/pleasure-club-plot-shilaj/,"654 sq.yd Plot for Sale · Pleasure Club, Shilaj",Shilaj,plot,sale,unit,remove,plot sale listing,,₹2.88 Cr,654 sq.yd,,0,shilaj,pleasure-club-plot-shilaj
https://cityprop.co.in/property/kameshvar-dev-plot-sindhubhavan/,"638 sq.yd Plot for Sale · Kameshvar Dev, Sindhubhavan",Sindhubhavan,plot,sale,unit,remove,plot sale listing,,₹10.85 Cr,638 sq.yd,,0,sindhu-bhavan-road,kameshvar-dev-plot-sindhubhavan
https://cityprop.co.in/property/antarkshitij-plot-thol-road/,"1,300 sq.yd Plot for Sale · Antarkshitij, Thol Road",Thol Road,plot,sale,unit,remove,plot sale listing,,₹5.33 Cr,"1,300 sq.yd",,0,thol-road,antarkshitij-plot-thol-road
https://cityprop.co.in/property/shilpgram-1-plot-vaishnodevi/,"1,525 sq.yd Plot for Sale · Shilpgram 1, Vaishnodevi",Vaishnodevi,plot,sale,unit,remove,plot sale listing,,Price on request,"1,525 sq.yd",,7,vaishnodevi-circle,shilpgram-1-plot-vaishnodevi
https://cityprop.co.in/property/sunrise-park-plot-vastrapur/,"600 sq.yd Plot for Sale · Sunrise Park, Vastrapur",Vastrapur,plot,sale,unit,remove,plot sale listing,,₹9 Cr,600 sq.yd,,0,vastrapur,sunrise-park-plot-vastrapur
https://cityprop.co.in/property/commercial-showroom-showroom-1700-rent-ambawadi/,"1,700 sq.ft Showroom for Rent · Commercial Showroom, Ambawadi",Ambawadi,showroom,rent,unit,remove,showroom rent listing,,"₹170,000","1,700 sq.ft",,0,ambawadi,commercial-showroom-showroom-1700-rent-ambawadi
https://cityprop.co.in/property/b23-showroom-ambli/,"3,800 sq.ft Showroom · B23, Ambli",Ambli,showroom,rent,unit,remove,showroom rent listing,,₹100 / sq.ft,"3,800 sq.ft super built up",,8,ambli,b23-showroom-ambli
https://cityprop.co.in/property/inceptum-showroom-ambli/,"5,800 sq.ft Showroom · Inceptum, Ambli",Ambli,showroom,rent,unit,remove,showroom rent listing,,₹140 / sq.ft,"5,800 sq.ft super built up",,9,ambli,inceptum-showroom-ambli
https://cityprop.co.in/property/stellar-showroom-sindhu-bhavan-bodakdev/,"2,217 sq.ft Showroom for Sale · Stellar, Bodakdev",Bodakdev,showroom,sale,unit,remove,showroom sale listing,REVIEW: flagged featured on the homepage today,₹3.77 Cr,"2,217 sq.ft super built up",,8,bodakdev,stellar-showroom-sindhu-bhavan-bodakdev
https://cityprop.co.in/property/salister-showroom-bodakdev/,"3,550 sq.ft Showroom · Salister, Bodakdev",Bodakdev,showroom,rent,unit,remove,showroom rent listing,,₹140 / sq.ft,"3,550 sq.ft super built up",,8,bodakdev,salister-showroom-bodakdev
https://cityprop.co.in/property/times-square-grand-showroom-sindhubhavan/,"6,865 sq.ft Showroom · Times Square Grand, Bodakdev",Bodakdev,showroom,rent,unit,remove,showroom rent listing,,₹70 / sq.ft,"6,865 sq.ft super built up",,8,bodakdev,times-square-grand-showroom-sindhubhavan
https://cityprop.co.in/property/commercial-showroom-showroom-600-rent-bodakdev/,"600 sq.ft Showroom for Rent · Commercial Showroom, Bodakdev",Bodakdev,showroom,rent,unit,remove,showroom rent listing,,"₹65,000",600 sq.ft,,0,bodakdev,commercial-showroom-showroom-600-rent-bodakdev
https://cityprop.co.in/property/sindhubhavan-road-showroom-bodakdev/,"Showroom for Sale · Sindhubhavan Road, Bodakdev",Bodakdev,showroom,sale,unit,remove,showroom sale listing,,₹6.58 Cr,"4,700 sq.ft super built up",,10,bodakdev,sindhubhavan-road-showroom-bodakdev
https://cityprop.co.in/property/shivalik-satymev-showroom-1800-sale-bopal/,"1,800 sq.ft Showroom for Sale · Shivalik Satymev, Bopal",Bopal,showroom,sale,unit,remove,showroom sale listing,,₹5.4 Cr,"1,800 sq.ft",,1,bopal,shivalik-satymev-showroom-1800-sale-bopal
https://cityprop.co.in/property/one-world-west-showroom-1919-sale-bopal/,"1,919 sq.ft Showroom for Sale · One World West, Bopal",Bopal,showroom,sale,unit,remove,showroom sale listing,,₹5.18 Cr,"1,919 sq.ft",,3,bopal,one-world-west-showroom-1919-sale-bopal
https://cityprop.co.in/property/commercial-showroom-showroom-1470-rent-gurukul/,"1,470 sq.ft Showroom for Rent · Commercial Showroom, Gurukul",Gurukul,showroom,rent,unit,remove,showroom rent listing,,"₹176,400","1,470 sq.ft",,0,gurukul,commercial-showroom-showroom-1470-rent-gurukul
https://cityprop.co.in/property/commercial-showroom-showroom-1900-rent-gurukul/,"1,900 sq.ft Showroom for Rent · Commercial Showroom, Gurukul",Gurukul,showroom,rent,unit,remove,showroom rent listing,,"₹228,000","1,900 sq.ft",,0,gurukul,commercial-showroom-showroom-1900-rent-gurukul
https://cityprop.co.in/property/commercial-showroom-showroom-945-sale-memnagar/,"945 sq.ft Showroom for Sale · Commercial Showroom, Memnagar",Memnagar,showroom,sale,unit,remove,showroom sale listing,,₹1.13 Cr,945 sq.ft,,0,memnagar,commercial-showroom-showroom-945-sale-memnagar
https://cityprop.co.in/property/commercial-showroom-showroom-1000-rent-navrangpura/,"1,000 sq.ft Showroom for Rent · Commercial Showroom, Navrangpura",Navrangpura,showroom,rent,unit,remove,showroom rent listing,,"₹85,000","1,000 sq.ft",,0,navrangpura,commercial-showroom-showroom-1000-rent-navrangpura
https://cityprop.co.in/property/commercial-showroom-showroom-1300-sale-navrangpura/,"1,300 sq.ft Showroom for Sale · Commercial Showroom, Navrangpura",Navrangpura,showroom,sale,unit,remove,showroom sale listing,,₹2.75 Cr,"1,300 sq.ft",,0,navrangpura,commercial-showroom-showroom-1300-sale-navrangpura
https://cityprop.co.in/property/commercial-showroom-showroom-1800-sale-navrangpura/,"1,800 sq.ft Showroom for Sale · Commercial Showroom, Navrangpura",Navrangpura,showroom,sale,unit,remove,showroom sale listing,,Price on request,"1,800 sq.ft",,0,navrangpura,commercial-showroom-showroom-1800-sale-navrangpura
https://cityprop.co.in/property/commercial-showroom-showroom-1900-sale-navrangpura/,"1,900 sq.ft Showroom for Sale · Commercial Showroom, Navrangpura",Navrangpura,showroom,sale,unit,remove,showroom sale listing,,₹3.8 Cr,"1,900 sq.ft",,0,navrangpura,commercial-showroom-showroom-1900-sale-navrangpura
https://cityprop.co.in/property/commercial-showroom-showroom-2200-rent-navrangpura/,"2,200 sq.ft Showroom for Rent · Commercial Showroom, Navrangpura",Navrangpura,showroom,rent,unit,remove,showroom rent listing,,"₹220,000","2,200 sq.ft",,0,navrangpura,commercial-showroom-showroom-2200-rent-navrangpura
https://cityprop.co.in/property/commercial-showroom-showroom-2750-rent-navrangpura/,"2,750 sq.ft Showroom for Rent · Commercial Showroom, Navrangpura",Navrangpura,showroom,rent,unit,remove,showroom rent listing,,"₹250,000","2,750 sq.ft",,0,navrangpura,commercial-showroom-showroom-2750-rent-navrangpura
https://cityprop.co.in/property/commercial-showroom-showroom-4300-rent-navrangpura/,"4,300 sq.ft Showroom for Rent · Commercial Showroom, Navrangpura",Navrangpura,showroom,rent,unit,remove,showroom rent listing,,"₹280,000","4,300 sq.ft",,0,navrangpura,commercial-showroom-showroom-4300-rent-navrangpura
https://cityprop.co.in/property/commercial-showroom-showroom-5100-rent-navrangpura/,"5,100 sq.ft Showroom for Rent · Commercial Showroom, Navrangpura",Navrangpura,showroom,rent,unit,remove,showroom rent listing,,"₹510,000","5,100 sq.ft",,0,navrangpura,commercial-showroom-showroom-5100-rent-navrangpura
https://cityprop.co.in/property/commercial-showroom-showroom-600-rent-navrangpura/,"600 sq.ft Showroom for Rent · Commercial Showroom, Navrangpura",Navrangpura,showroom,rent,unit,remove,showroom rent listing,,"₹90,000",600 sq.ft,,0,navrangpura,commercial-showroom-showroom-600-rent-navrangpura
https://cityprop.co.in/property/commercial-showroom-showroom-750-rent-navrangpura/,"750 sq.ft Showroom for Rent · Commercial Showroom, Navrangpura",Navrangpura,showroom,rent,unit,remove,showroom rent listing,,"₹80,000",750 sq.ft,,0,navrangpura,commercial-showroom-showroom-750-rent-navrangpura
https://cityprop.co.in/property/commercial-showroom-showroom-750-sale-navrangpura/,"750 sq.ft Showroom for Sale · Commercial Showroom, Navrangpura",Navrangpura,showroom,sale,unit,remove,showroom sale listing,,Price on request,750 sq.ft,,0,navrangpura,commercial-showroom-showroom-750-sale-navrangpura
https://cityprop.co.in/property/prahladnagar-showroom-rent/,"3,000 sq.ft Showroom · Prahlad Nagar, Prahlad Nagar",Prahlad Nagar,showroom,rent,unit,remove,showroom rent listing,,₹45 / sq.ft,"3,000 sq.ft super built up",,13,prahlad-nagar,prahladnagar-showroom-rent
https://cityprop.co.in/property/commercial-showroom-showroom-1000-rent-prahlad-nagar/,"1,000 sq.ft Showroom for Rent · Commercial Showroom, Prahladnagar",Prahladnagar,showroom,rent,unit,remove,showroom rent listing,,"₹200,000","1,000 sq.ft",,0,prahlad-nagar,commercial-showroom-showroom-1000-rent-prahlad-nagar
https://cityprop.co.in/property/commercial-showroom-showroom-2000-rent-prahlad-nagar/,"2,000 sq.ft Showroom for Rent · Commercial Showroom, Prahladnagar",Prahladnagar,showroom,rent,unit,remove,showroom rent listing,,"₹225,000","2,000 sq.ft",,0,prahlad-nagar,commercial-showroom-showroom-2000-rent-prahlad-nagar
https://cityprop.co.in/property/indraprasth-corporate-showroom-3550-rent-prahlad-nagar/,"3,550 sq.ft Showroom for Rent · Indraprasth Corporate, Prahladnagar",Prahladnagar,showroom,rent,unit,remove,showroom rent listing,,"₹595,000","3,550 sq.ft",,1,prahlad-nagar,indraprasth-corporate-showroom-3550-rent-prahlad-nagar
https://cityprop.co.in/property/commercial-showroom-showroom-3700-rent-prahlad-nagar/,"3,700 sq.ft Showroom for Rent · Commercial Showroom, Prahladnagar",Prahladnagar,showroom,rent,unit,remove,showroom rent listing,,"₹350,000","3,700 sq.ft",,0,prahlad-nagar,commercial-showroom-showroom-3700-rent-prahlad-nagar
https://cityprop.co.in/property/commercial-showroom-showroom-6500-rent-prahlad-nagar/,"6,500 sq.ft Showroom for Rent · Commercial Showroom, Prahladnagar",Prahladnagar,showroom,rent,unit,remove,showroom rent listing,,"₹850,000","6,500 sq.ft",,0,prahlad-nagar,commercial-showroom-showroom-6500-rent-prahlad-nagar
https://cityprop.co.in/property/commercial-showroom-showroom-2200-rent-sg-highway/,"2,200 sq.ft Showroom for Rent · Commercial Showroom, SG Highway",SG Highway,showroom,rent,unit,remove,showroom rent listing,,"₹180,000","2,200 sq.ft",,0,sg-highway,commercial-showroom-showroom-2200-rent-sg-highway
https://cityprop.co.in/property/shivalik-shilp-showroom-2300-sale-sg-highway/,"2,300 sq.ft Showroom for Sale · Shivalik Shilp, SG Highway",SG Highway,showroom,sale,unit,remove,showroom sale listing,,₹4.6 Cr,"2,300 sq.ft",,3,sg-highway,shivalik-shilp-showroom-2300-sale-sg-highway
https://cityprop.co.in/property/commercial-showroom-showroom-2500-sale--2-sg-highway/,"2,500 sq.ft Showroom for Sale · Commercial Showroom, SG Highway",SG Highway,showroom,sale,unit,remove,showroom sale listing,,₹15 Cr,"2,500 sq.ft",,0,sg-highway,commercial-showroom-showroom-2500-sale--2-sg-highway
https://cityprop.co.in/property/commercial-showroom-showroom-2500-sale-ff-sg-highway/,"2,500 sq.ft Showroom for Sale · Commercial Showroom, SG Highway",SG Highway,showroom,sale,unit,remove,showroom sale listing,,₹15 Cr,"2,500 sq.ft",,0,sg-highway,commercial-showroom-showroom-2500-sale-ff-sg-highway
https://cityprop.co.in/property/commercial-showroom-showroom-2500-sale-sg-highway/,"2,500 sq.ft Showroom for Sale · Commercial Showroom, SG Highway",SG Highway,showroom,sale,unit,remove,showroom sale listing,,₹15 Cr,"2,500 sq.ft",,0,sg-highway,commercial-showroom-showroom-2500-sale-sg-highway
https://cityprop.co.in/property/maruti-the-ridge-showroom-sg-highway/,"2,800 sq.ft Showroom · Maruti The Ridge, SG Highway",SG Highway,showroom,rent,unit,remove,showroom rent listing,,₹130 / sq.ft,"2,800 sq.ft super built up",,6,sg-highway,maruti-the-ridge-showroom-sg-highway
https://cityprop.co.in/property/commercial-showroom-showroom-1100-sale-satellite/,"1,100 sq.ft Showroom for Sale · Commercial Showroom, Satellite",Satellite,showroom,sale,unit,remove,showroom sale listing,,Price on request,"1,100 sq.ft",,0,satellite,commercial-showroom-showroom-1100-sale-satellite
https://cityprop.co.in/property/commercial-showroom-showroom-1300-rent-satellite/,"1,300 sq.ft Showroom for Rent · Commercial Showroom, Satellite",Satellite,showroom,rent,unit,remove,showroom rent listing,,"₹1,100,000","1,300 sq.ft",,0,satellite,commercial-showroom-showroom-1300-rent-satellite
https://cityprop.co.in/property/the-verity-showroom-satellite/,"1,300 sq.ft Showroom · The Verity, Satellite",Satellite,showroom,rent,unit,remove,showroom rent listing,,₹150 / sq.ft,"1,300 sq.ft super built up",,9,satellite,the-verity-showroom-satellite
https://cityprop.co.in/property/commercial-showroom-showroom-1700-rent-satellite/,"1,700 sq.ft Showroom for Rent · Commercial Showroom, Satellite",Satellite,showroom,rent,unit,remove,showroom rent listing,,"₹225,000","1,700 sq.ft",,0,satellite,commercial-showroom-showroom-1700-rent-satellite
https://cityprop.co.in/property/commercial-showroom-showroom-1750-rent-satellite/,"1,750 sq.ft Showroom for Rent · Commercial Showroom, Satellite",Satellite,showroom,rent,unit,remove,showroom rent listing,,"₹225,000","1,750 sq.ft",,0,satellite,commercial-showroom-showroom-1750-rent-satellite
https://cityprop.co.in/property/aaryan-the-one-showroom-sale-satellite/,"1,800 sq.ft Showroom for Sale · Aaryan The One, Satellite",Satellite,showroom,sale,unit,remove,showroom sale listing,REVIEW: commercial listing that reads as a new project - keep as project?,₹3.87 Cr,"1,800 sq.ft super built up",,9,satellite,aaryan-the-one-showroom-sale-satellite
https://cityprop.co.in/property/ratnanjali-square-showroom-satellite/,"2,700 sq.ft Showroom for Sale · Ratnanjali Square, Satellite",Satellite,showroom,sale,unit,remove,showroom sale listing,,₹6.21 Cr,"2,700 sq.ft super built up",,7,satellite,ratnanjali-square-showroom-satellite
https://cityprop.co.in/property/shyamal-iconic-showroom-3200-rent-satellite/,"3,200 sq.ft Showroom for Rent · Shyamal Iconic, Satellite",Satellite,showroom,rent,unit,remove,showroom rent listing,,"₹400,000","3,200 sq.ft",,2,satellite,shyamal-iconic-showroom-3200-rent-satellite
https://cityprop.co.in/property/siddhivinayak-complex-showroom-satellite/,"800 sq.ft Showroom · Siddhivinayak Complex, Satellite",Satellite,showroom,rent,unit,remove,showroom rent listing,,Price on request,800 sq.ft carpet,,6,satellite,siddhivinayak-complex-showroom-satellite
https://cityprop.co.in/property/aaryan-the-one-showroom-satellite/,"Showroom · Aaryan The One, Satellite",Satellite,showroom,rent,unit,remove,showroom rent listing,REVIEW: commercial listing that reads as a new project - keep as project?,₹120 / sq.ft,"4,000 sq.ft super built up",,9,satellite,aaryan-the-one-showroom-satellite
https://cityprop.co.in/property/city-centre-2-showroom-science-city/,"Showroom · City Centre 2, Science City",Science City,showroom,rent,unit,remove,showroom rent listing,,₹100 / sq.ft,"3,402 sq.ft super built up",,8,science-city,city-centre-2-showroom-science-city
https://cityprop.co.in/property/shridhar-athens-showroom-science-city/,"Showroom · Shridhar Athens, Science City",Science City,showroom,rent,unit,remove,showroom rent listing,,₹80 / sq.ft,"5,100 sq.ft super built up",,13,science-city,shridhar-athens-showroom-science-city
https://cityprop.co.in/property/commercial-showroom-showroom-620-rent-shela/,"620 sq.ft Showroom for Rent · Commercial Showroom, Shela",Shela,showroom,rent,unit,remove,showroom rent listing,,"₹50,000",620 sq.ft,,0,shela,commercial-showroom-showroom-620-rent-shela
https://cityprop.co.in/property/sigma-icon-2-showroom-shyamal/,"1,712 sq.ft Showroom for Sale · Sigma Icon 2, Shyamal",Shyamal,showroom,sale,unit,remove,showroom sale listing,,₹4.11 Cr,"1,712 sq.ft super built up",,3,shyamal,sigma-icon-2-showroom-shyamal
https://cityprop.co.in/property/commercial-showroom-showroom-2000-rent-sindhu-bhavan-road/,"2,000 sq.ft Showroom for Rent · Commercial Showroom, Sindhu Bhavan Road",Sindhu Bhavan Road,showroom,rent,unit,remove,showroom rent listing,,"₹220,000","2,000 sq.ft",,0,sindhu-bhavan-road,commercial-showroom-showroom-2000-rent-sindhu-bhavan-road
https://cityprop.co.in/property/commercial-showroom-showroom-2300-rent-sindhu-bhavan-road/,"2,300 sq.ft Showroom for Rent · Commercial Showroom, Sindhu Bhavan Road",Sindhu Bhavan Road,showroom,rent,unit,remove,showroom rent listing,,"₹229,999","2,300 sq.ft",,0,sindhu-bhavan-road,commercial-showroom-showroom-2300-rent-sindhu-bhavan-road
https://cityprop.co.in/property/shreya-amalga-showroom-2300-sale-sindhu-bhavan-road/,"2,300 sq.ft Showroom for Sale · Shreya Amalga, Sindhu Bhavan Road",Sindhu Bhavan Road,showroom,sale,unit,remove,showroom sale listing,,₹4.6 Cr,"2,300 sq.ft",,1,sindhu-bhavan-road,shreya-amalga-showroom-2300-sale-sindhu-bhavan-road
https://cityprop.co.in/property/west-port-showroom-3000-sale-sindhu-bhavan-road/,"3,000 sq.ft Showroom for Sale · West Port, Sindhu Bhavan Road",Sindhu Bhavan Road,showroom,sale,unit,remove,showroom sale listing,,₹10.5 Cr,"3,000 sq.ft",,1,sindhu-bhavan-road,west-port-showroom-3000-sale-sindhu-bhavan-road
https://cityprop.co.in/property/west-face-showroom-2050-sale-thaltej/,"2,050 sq.ft Showroom for Sale · West Face, Thaltej",Thaltej,showroom,sale,unit,remove,showroom sale listing,,₹5.12 Cr,"2,050 sq.ft",,1,thaltej,west-face-showroom-2050-sale-thaltej
https://cityprop.co.in/property/maple-trade-centre-showroom-thaltej/,"2,300 sq.ft Showroom for Sale · Maple Trade Centre, Thaltej",Thaltej,showroom,sale,unit,remove,showroom sale listing,,₹4.6 Cr,"2,300 sq.ft super built up",,8,thaltej,maple-trade-centre-showroom-thaltej
https://cityprop.co.in/property/one-world-metro-showroom-thaltej/,"4,200 sq.ft Showroom · One World Metro, Thaltej",Thaltej,showroom,rent,unit,remove,showroom rent listing,,₹110 / sq.ft,"4,200 sq.ft super built up",,9,thaltej,one-world-metro-showroom-thaltej
https://cityprop.co.in/property/trinity-complex-showroom-thaltej/,"4,550 sq.ft Showroom · Trinity Complex, Thaltej",Thaltej,showroom,rent,unit,remove,showroom rent listing,,₹110 / sq.ft,"4,550 sq.ft super built up",,0,thaltej,trinity-complex-showroom-thaltej
https://cityprop.co.in/property/rangoli-road-showroom-thaltej/,"5,000 sq.ft Showroom · Rajpath Rangoli Road, Thaltej",Thaltej,showroom,rent,unit,remove,showroom rent listing,,₹350 / sq.ft,"5,000 sq.ft carpet",,10,thaltej,rangoli-road-showroom-thaltej
https://cityprop.co.in/property/shreeya-amalga-showroom-thaltej/,"Showroom · Shreeya Amalga, Thaltej",Thaltej,showroom,rent,unit,remove,showroom rent listing,,"₹2,20,000","3,420 sq.ft super built up",,3,thaltej,shreeya-amalga-showroom-thaltej
https://cityprop.co.in/property/commercial-showroom-showroom-1300-rent-vastrapur/,"1,300 sq.ft Showroom for Rent · Commercial Showroom, Vastrapur",Vastrapur,showroom,rent,unit,remove,showroom rent listing,,"₹160,000","1,300 sq.ft",,0,vastrapur,commercial-showroom-showroom-1300-rent-vastrapur
https://cityprop.co.in/property/commercial-showroom-showroom-1300-sale-vastrapur/,"1,300 sq.ft Showroom for Sale · Commercial Showroom, Vastrapur",Vastrapur,showroom,sale,unit,remove,showroom sale listing,,Price on request,"1,300 sq.ft",,0,vastrapur,commercial-showroom-showroom-1300-sale-vastrapur
https://cityprop.co.in/property/commercial-showroom-showroom-650-sale-vastrapur/,"650 sq.ft Showroom for Sale · Commercial Showroom, Vastrapur",Vastrapur,showroom,sale,unit,remove,showroom sale listing,,Price on request,650 sq.ft,,0,vastrapur,commercial-showroom-showroom-650-sale-vastrapur
https://cityprop.co.in/property/keshavbaug-capital-showroom-vastrapur/,"Showroom · Keshavbaug Capital, Vastrapur",Vastrapur,showroom,rent,unit,remove,showroom rent listing,,₹80 / sq.ft,"5,000 sq.ft super built up",,11,vastrapur,keshavbaug-capital-showroom-vastrapur
